,Handle,CurrentRating,MaxRating,Total_Contest,CRank1_x,CRank2_x,CRank3_x,CRank4_x,CRank5_x,CRating1_x,CRating2_x,CRating3_x,CRating4_x,CRating5_x,TC,OAcc,CC_x,CAcc ,CRating1_y,CRating2_y,CRating3_y,CRating4_y,CRating5_y,CRank1_y,CRank2_y,CRank3_y,CRank4_y,CRank5_y,CC_y,CAcc
1,nishant_codes,756,756,3.0,15092.0,11235.0,12458.0,,,756.0,614.0,349.0,,,3.0,0.38,3.0,0.38,1579,1621.0,1571.0,1603.0,1566.0,2061,74.0,1453.0,434.0,1219.0,169,0.85
2,drdubey10,393,393,1.0,10466.0,,,,,393.0,,,,,2.0,0.67,2.0,0.67,1579,1510.0,1486.0,1412.0,1330.0,60,822.0,433.0,976.0,3367.0,80,0.93
3,AX3BOi,810,810,5.0,16388.0,9450.0,12000.0,13929.0,14480.0,810.0,784.0,746.0,585.0,367.0,5.0,0.45,5.0,0.5,1579,1557.0,1590.0,1625.0,1581.0,815,2224.0,1379.0,734.0,171.0,31,0.89
4,oye_harshu,347,347,1.0,12456.0,,,,,347.0,,,,,2.0,0.33,0.0,0.0,1579,1522.0,1553.0,1566.0,1512.0,68,3313.0,1904.0,366.0,1510.0,34,0.69
5,rochakv,1026,1171,28.0,10681.0,7143.0,9815.0,7137.0,4832.0,1026.0,1145.0,1140.0,1171.0,1158.0,589.0,0.46,43.0,0.29,1579,1535.0,1534.0,1516.0,1515.0,193,1502.0,1177.0,1976.0,1224.0,99,0.85
6,kishor_053,1097,1126,10.0,8944.0,5579.0,8162.0,6625.0,12202.0,1097.0,1126.0,1103.0,1084.0,1055.0,115.0,0.53,23.0,0.47,1579,1562.0,1601.0,1599.0,1580.0,694,1097.0,925.0,708.0,259.0,197,0.89
7,rajr86642,1340,1340,22.0,2045.0,3799.0,1850.0,7605.0,13846.0,1340.0,1289.0,1266.0,1155.0,1160.0,796.0,0.48,58.0,0.42,1579,1535.0,1482.0,1438.0,1421.0,100,35.0,226.0,1505.0,2736.0,244,0.83
8,kratikjain1520,928,928,4.0,10553.0,6478.0,7484.0,9031.0,,928.0,905.0,707.0,403.0,,12.0,0.3,4.0,0.29,1579,1574.0,1555.0,1578.0,1580.0,1120,677.0,2007.0,1422.0,661.0,57,0.9
9,gitesh1208,1067,1067,6.0,7487.0,11881.0,11566.0,8048.0,15048.0,1067.0,1003.0,923.0,838.0,646.0,61.0,0.47,10.0,0.45,1579,1583.0,1591.0,1591.0,1558.0,1095,1163.0,1145.0,221.0,455.0,288,0.96
11,SSKsan,1109,1114,30.0,4796.0,5329.0,6310.0,5241.0,6039.0,1109.0,1114.0,1089.0,1110.0,1071.0,269.0,0.7,52.0,0.65,1579,1602.0,1614.0,1560.0,1496.0,984,898.0,247.0,67.0,563.0,72,0.92
12,surajvalluru,700,700,2.0,11636.0,6177.0,,,,700.0,455.0,,,,8.0,0.4,7.0,0.54,1579,1531.0,1391.0,1251.0,,811,438.0,1603.0,1789.0,,15,0.75
13,abhaasaggarwal,1174,1214,20.0,8124.0,1498.0,6906.0,2202.0,13374.0,1174.0,1214.0,1073.0,1095.0,907.0,139.0,0.58,37.0,0.46,1579,1478.0,1456.0,1345.0,1253.0,6,1271.0,1065.0,3029.0,1823.0,21,0.84
15,tanmaywkdo9,811,930,10.0,10169.0,10831.0,12990.0,6925.0,16419.0,811.0,910.0,880.0,930.0,827.0,43.0,0.34,10.0,0.26,1579,1375.0,,,,272,949.0,,,,9,0.9
16,saurab1102,1125,1371,18.0,3479.0,7163.0,4908.0,5719.0,9077.0,1125.0,1035.0,1048.0,970.0,899.0,110.0,0.53,29.0,0.43,1578,1547.0,1525.0,1528.0,1562.0,480,928.0,941.0,1495.0,3022.0,207,0.76
18,yashbansal7920,1156,1156,8.0,3922.0,7118.0,6828.0,10835.0,7078.0,1156.0,1093.0,1122.0,1075.0,1039.0,139.0,0.53,16.0,0.7,1578,1481.0,1393.0,1299.0,1556.0,91,91.0,144.0,1895.0,1659.0,199,0.83
19,humpty_dumpty2,1225,1256,25.0,8498.0,3586.0,3458.0,8220.0,8215.0,1225.0,1256.0,1175.0,1048.0,1031.0,50.0,0.52,46.0,0.52,1578,1552.0,1597.0,1636.0,1652.0,904,1932.0,2090.0,2401.0,821.0,112,0.75
21,raj_6714,976,1151,25.0,7025.0,10082.0,6075.0,8675.0,8932.0,976.0,998.0,1026.0,957.0,960.0,85.0,0.46,46.0,0.42,1578,1626.0,1575.0,1529.0,1500.0,1940,66.0,11.0,242.0,856.0,63,0.93
23,alaykabir,1253,1253,19.0,2213.0,4644.0,5720.0,4207.0,8867.0,1253.0,1159.0,1092.0,1058.0,955.0,108.0,0.48,36.0,0.51,1578,1608.0,1589.0,1554.0,1504.0,1258,963.0,604.0,398.0,735.0,98,0.83
24,Gowsiman,1050,1107,39.0,7810.0,6739.0,8846.0,7927.0,8573.0,1050.0,1044.0,1012.0,1015.0,1058.0,246.0,0.47,60.0,0.36,1578,1574.0,1595.0,1611.0,1637.0,1359,1775.0,1739.0,2257.0,1107.0,117,0.76
25,raghava_m,952,974,11.0,7074.0,11844.0,10672.0,12091.0,8067.0,952.0,898.0,935.0,941.0,964.0,75.0,0.6,22.0,0.52,1578,1546.0,1548.0,1551.0,1535.0,404,1769.0,1231.0,829.0,598.0,145,0.88
26,klaus_x69,959,1077,13.0,8638.0,4933.0,5227.0,11508.0,5151.0,959.0,1067.0,1058.0,1014.0,1077.0,197.0,0.48,21.0,0.4,1578,1589.0,1560.0,1510.0,1538.0,1252,621.0,330.0,3214.0,2610.0,51,0.86
27,aadarshkt,1284,1362,74.0,5978.0,7028.0,1845.0,4289.0,4449.0,1284.0,1318.0,1362.0,1322.0,1302.0,457.0,0.44,159.0,0.58,1578,1565.0,1518.0,1502.0,1451.0,937,255.0,1405.0,181.0,327.0,56,0.77
28,garggopal2001,1518,1518,35.0,169.0,2691.0,3987.0,2741.0,6950.0,1518.0,1328.0,1251.0,1233.0,1149.0,129.0,0.51,74.0,0.51,1578,1629.0,1588.0,1626.0,1583.0,1989,294.0,1478.0,156.0,133.0,77,0.72
29,GudeGude,1597,1625,70.0,1360.0,1309.0,1687.0,2661.0,1312.0,1597.0,1559.0,1518.0,1539.0,1583.0,1397.0,0.68,239.0,0.48,1946,1929.0,1947.0,1919.0,1869.0,216,556.0,186.0,5.0,422.0,189,0.86
30,Muqeeth7,1827,1827,62.0,219.0,1772.0,479.0,1884.0,974.0,1827.0,1706.0,1697.0,1596.0,1631.0,688.0,0.57,153.0,0.57,1946,1892.0,1845.0,1805.0,1759.0,20,107.0,166.0,146.0,601.0,151,0.89
31,negiakshat2106,1520,1520,17.0,1464.0,1169.0,3232.0,2596.0,3120.0,1520.0,1460.0,1410.0,1421.0,1381.0,93.0,0.52,40.0,0.47,1946,1933.0,1896.0,1903.0,1864.0,311,158.0,761.0,256.0,499.0,33,0.77
33,AhmedM00,1640,1640,88.0,441.0,351.0,701.0,13170.0,2589.0,1640.0,1595.0,1500.0,1353.0,1464.0,1537.0,0.37,312.0,0.43,1945,1934.0,1955.0,1976.0,1935.0,150,486.0,689.0,120.0,543.0,62,0.85
34,MESSI10GOAT,1911,1911,22.0,101.0,2873.0,1700.0,4242.0,1114.0,1911.0,1729.0,1771.0,1765.0,1851.0,186.0,0.6,65.0,0.66,1944,1917.0,1870.0,1853.0,1801.0,90,47.0,297.0,20.0,527.0,217,0.8
35,ShorifulSoumic,1307,1602,173.0,1096.0,8667.0,13317.0,4423.0,8790.0,1307.0,1133.0,1200.0,1325.0,1373.0,1261.0,0.41,420.0,0.45,1944,1903.0,1861.0,1858.0,1821.0,110,111.0,588.0,234.0,497.0,161,0.87
36,wati,1101,1401,5.0,4947.0,4601.0,3938.0,4124.0,2448.0,1101.0,1127.0,1232.0,1304.0,1401.0,17.0,0.25,5.0,0.31,1944,1818.0,1801.0,1526.0,,41,369.0,51.0,568.0,,18,0.86
37,noni_001,1367,1541,29.0,3001.0,5391.0,5804.0,7125.0,1508.0,1367.0,1361.0,1386.0,1406.0,1447.0,109.0,0.46,68.0,0.49,1944,1898.0,1872.0,1840.0,1797.0,45,254.0,280.0,165.0,174.0,138,0.84
38,Nam3an2,1409,1620,126.0,3284.0,2893.0,4123.0,6111.0,1610.0,1409.0,1402.0,1401.0,1405.0,1470.0,952.0,0.49,325.0,0.49,1944,1932.0,1895.0,1879.0,1862.0,217,65.0,221.0,243.0,322.0,274,0.8
39,munnabhaimbbs,1436,1557,17.0,4855.0,3364.0,1028.0,5595.0,774.0,1436.0,1506.0,1543.0,1471.0,1557.0,73.0,0.47,41.0,0.47,1944,1880.0,1913.0,1950.0,1930.0,10,1127.0,831.0,321.0,203.0,56,0.78
40,debanjan2001,1790,1790,58.0,331.0,713.0,1700.0,449.0,558.0,1790.0,1697.0,1641.0,1665.0,1546.0,791.0,0.45,169.0,0.45,1943,1947.0,1897.0,1857.0,1873.0,356,11.0,126.0,1212.0,495.0,172,0.81
41,kelvin_0179,1652,1652,47.0,326.0,2414.0,946.0,5974.0,2467.0,1652.0,1556.0,1578.0,1486.0,1542.0,1237.0,0.49,137.0,0.59,1943,1947.0,1920.0,1880.0,1803.0,527,291.0,242.0,14.0,411.0,93,0.87
42,u_noob_i,1826,1826,48.0,401.0,650.0,510.0,1299.0,954.0,1826.0,1777.0,1743.0,1703.0,1716.0,385.0,0.44,126.0,0.53,1943,1898.0,1877.0,1841.0,1819.0,15,375.0,170.0,578.0,305.0,81,0.86
43,skywalkerl,1737,1737,67.0,239.0,1977.0,1181.0,1834.0,1768.0,1737.0,1660.0,1696.0,1659.0,1671.0,464.0,0.5,209.0,0.54,1943,1952.0,1902.0,1917.0,1869.0,455,25.0,932.0,64.0,831.0,101,0.74
44,an_abir,1602,1602,9.0,963.0,1317.0,4352.0,1695.0,2457.0,1602.0,1580.0,1505.0,1533.0,1451.0,51.0,0.6,30.0,0.81,1943,1907.0,1866.0,1882.0,1872.0,78,83.0,857.0,565.0,49.0,471,0.93
45,devika2003,1350,1430,6.0,7525.0,2851.0,898.0,2684.0,1888.0,1350.0,1430.0,1356.0,1171.0,899.0,16.0,0.55,16.0,0.59,1943,1772.0,1394.0,1763.0,,113,124.0,1605.0,7.0,,18,0.82
46,itamarbiran,1326,1539,11.0,9786.0,3795.0,9304.0,2249.0,1610.0,1326.0,1422.0,1426.0,1539.0,1454.0,38.0,0.49,34.0,0.47,1943,1880.0,1908.0,1746.0,,151,642.0,153.0,19.0,,24,0.83
48,ak_31loaded,1550,1612,75.0,4877.0,1027.0,1430.0,2487.0,874.0,1550.0,1612.0,1571.0,1545.0,1553.0,373.0,0.55,197.0,0.55,1942,1927.0,1893.0,1880.0,1907.0,282,93.0,384.0,1147.0,414.0,145,0.82
49,Just_sri,1603,1656,53.0,1086.0,388.0,2712.0,3822.0,1105.0,1603.0,1561.0,1470.0,1462.0,1492.0,400.0,0.51,148.0,0.55,1942,1963.0,1915.0,1948.0,1904.0,426,12.0,749.0,16.0,309.0,190,0.84
50,varaug33,1609,1609,17.0,1896.0,249.0,3543.0,3539.0,2453.0,1609.0,1580.0,1460.0,1484.0,1540.0,69.0,0.45,61.0,0.43,1942,2023.0,2077.0,1991.0,1895.0,137,114.0,19.0,21.0,8.0,52,0.87
51,deepu_21,1261,1433,73.0,1254.0,9346.0,8087.0,11557.0,3537.0,1261.0,1139.0,1163.0,1155.0,1230.0,1217.0,0.37,160.0,0.31,1941,1953.0,1924.0,1917.0,1902.0,745,194.0,462.0,341.0,97.0,227,0.85
52,ayushpratap344,1657,1658,142.0,1001.0,781.0,2846.0,288.0,837.0,1657.0,1616.0,1580.0,1658.0,1576.0,840.0,0.65,390.0,0.64,1941,1980.0,1991.0,1978.0,1964.0,1047,496.0,201.0,188.0,143.0,301,0.86
53,Arvind_Tomar,1680,1680,75.0,757.0,1295.0,3824.0,1028.0,1593.0,1680.0,1610.0,1584.0,1642.0,1620.0,511.0,0.48,181.0,0.49,1941,1948.0,1909.0,1869.0,1872.0,328,74.0,75.0,510.0,90.0,250,0.82
54,pranay_43,1622,1625,40.0,2210.0,1158.0,3179.0,1367.0,2400.0,1622.0,1625.0,1581.0,1588.0,1537.0,201.0,0.45,111.0,0.51,1941,1907.0,1857.0,1823.0,1784.0,184,41.0,306.0,240.0,151.0,159,0.82
55,Prateek_Parmar,1604,1604,42.0,158.0,1657.0,1368.0,3685.0,2490.0,1604.0,1481.0,1450.0,1419.0,1456.0,584.0,0.43,123.0,0.59,1941,1958.0,1961.0,1944.0,1963.0,575,451.0,278.0,973.0,239.0,235,0.91
56,vishu826,1175,1605,23.0,10169.0,14264.0,835.0,12875.0,217.0,1175.0,1308.0,1466.0,1389.0,1561.0,140.0,0.47,79.0,0.58,1941,1957.0,1995.0,1978.0,1975.0,543,1540.0,168.0,323.0,73.0,78,0.81
57,i_am_karan,1624,1624,27.0,479.0,1559.0,2692.0,2227.0,345.0,1624.0,1552.0,1484.0,1450.0,1426.0,519.0,0.35,86.0,0.43,1941,1690.0,,,,77,43.0,,,,12,1.0
58,spookywooky,1571,1959,227.0,2810.0,3673.0,8418.0,276.0,1143.0,1571.0,1583.0,1642.0,1799.0,1690.0,2333.0,0.45,884.0,0.41,1940,1922.0,1968.0,1955.0,1972.0,335,392.0,173.0,156.0,36.0,177,0.64
59,vipjain19,1350,1434,26.0,5253.0,3773.0,5667.0,2929.0,4453.0,1350.0,1382.0,1392.0,1434.0,1409.0,81.0,0.44,69.0,0.43,1940,1902.0,1910.0,1875.0,1852.0,67,437.0,140.0,229.0,56.0,106,0.85
60,astthecoder,1220,1303,13.0,5672.0,3157.0,4676.0,4474.0,3305.0,1220.0,1230.0,1165.0,1193.0,1191.0,54.0,0.63,27.0,0.66,1940,1882.0,1912.0,1975.0,1994.0,43,836.0,287.0,324.0,365.0,90,0.78
61,ezdp,1707,1923,166.0,8128.0,403.0,1019.0,104.0,1190.0,1707.0,1898.0,1894.0,1923.0,1822.0,1798.0,0.36,498.0,0.34,1940,1988.0,1980.0,1902.0,1846.0,1183,132.0,12.0,279.0,997.0,87,0.82
62,ishwarendra,1743,1782,83.0,1147.0,379.0,3426.0,381.0,1460.0,1743.0,1763.0,1675.0,1782.0,1719.0,1986.0,0.44,364.0,0.48,1940,1979.0,2003.0,2014.0,2044.0,741,115.0,85.0,102.0,103.0,463,0.84
63,the_unseen,1354,1608,97.0,3616.0,2926.0,2071.0,14665.0,5080.0,1354.0,1341.0,1342.0,1276.0,1423.0,1207.0,0.47,258.0,0.51,1940,1999.0,1966.0,1910.0,1871.0,1258,145.0,15.0,241.0,110.0,373,0.77
64,aadiac01,1467,1633,98.0,2405.0,5983.0,2506.0,2393.0,1140.0,1467.0,1479.0,1570.0,1571.0,1587.0,406.0,0.39,233.0,0.44,1940,1888.0,1849.0,1884.0,1845.0,8,129.0,811.0,98.0,1004.0,69,0.79
66,b_raman,1200,1354,11.0,7440.0,3944.0,4255.0,3739.0,2576.0,1200.0,1336.0,1354.0,1350.0,1346.0,29.0,0.47,23.0,0.43,2011,1958.0,1946.0,1915.0,1925.0,66,317.0,282.0,429.0,153.0,40,0.89
67,towrist,2071,2174,105.0,490.0,121.0,1258.0,53.0,1111.0,2071.0,2116.0,2080.0,2154.0,2080.0,2603.0,0.41,553.0,0.52,2011,2072.0,2087.0,2020.0,2086.0,217,118.0,21.0,108.0,35.0,62,0.76
68,Maatt,1645,1645,45.0,1450.0,169.0,4149.0,3769.0,1674.0,1645.0,1631.0,1487.0,1514.0,1538.0,476.0,0.45,149.0,0.43,2011,1749.0,,,,49,12.0,,,,11,0.92
69,border,1646,1956,270.0,6001.0,945.0,1474.0,878.0,202.0,1646.0,1800.0,1799.0,1842.0,1852.0,2100.0,0.4,810.0,0.37,2010,1976.0,1998.0,1959.0,1917.0,112,90.0,24.0,60.0,1254.0,165,0.77
70,om_ashish_soni,1736,1736,54.0,570.0,990.0,2395.0,2438.0,1489.0,1736.0,1685.0,1648.0,1638.0,1664.0,868.0,0.44,185.0,0.58,2010,2016.0,1988.0,2012.0,2028.0,134,84.0,113.0,144.0,114.0,1085,0.87
71,schweppes,1250,1405,4.0,3585.0,2409.0,3343.0,2806.0,,1250.0,1309.0,1312.0,1405.0,,82.0,0.28,5.0,0.19,2010,2004.0,1934.0,1893.0,1727.0,81,80.0,262.0,72.0,27.0,36,0.8
73,akshat_017,1646,1676,97.0,1062.0,734.0,1733.0,3281.0,2426.0,1646.0,1625.0,1585.0,1547.0,1552.0,882.0,0.53,254.0,0.45,2010,1992.0,1956.0,1952.0,1935.0,212,70.0,370.0,270.0,180.0,148,0.89
74,atish_2003,1647,1647,10.0,445.0,2686.0,591.0,1376.0,1584.0,1647.0,1564.0,1599.0,1540.0,1527.0,44.0,0.67,40.0,0.71,2010,1989.0,1941.0,1899.0,1921.0,224,42.0,78.0,995.0,172.0,214,0.83
75,dio_2,1770,1863,116.0,452.0,1578.0,510.0,812.0,1739.0,1770.0,1711.0,1739.0,1699.0,1663.0,1527.0,0.46,385.0,0.46,2010,2029.0,2036.0,1993.0,1926.0,105,74.0,66.0,10.0,33.0,200,0.89
76,aqxa2k,1524,1524,10.0,709.0,553.0,387.0,9336.0,1731.0,1524.0,1459.0,1376.0,1183.0,1253.0,140.0,0.55,31.0,0.57,2010,1952.0,1902.0,1863.0,1746.0,63,123.0,219.0,143.0,82.0,59,0.91
77,soham_c04,1646,1690,34.0,353.0,922.0,3116.0,1727.0,3397.0,1646.0,1578.0,1536.0,1593.0,1542.0,383.0,0.44,122.0,0.47,2010,1965.0,1924.0,1890.0,1888.0,34,44.0,109.0,468.0,746.0,211,0.85
78,Gleefre,2096,2096,44.0,249.0,658.0,151.0,316.0,154.0,2096.0,1973.0,2037.0,1991.0,1972.0,282.0,0.5,181.0,0.51,2010,2056.0,1706.0,,,121,12.0,27.0,,,50,0.94
79,pirobie123,1640,1640,7.0,991.0,1013.0,1695.0,1033.0,912.0,1640.0,1598.0,1484.0,1356.0,1154.0,24.0,0.6,23.0,0.59,2010,1958.0,1962.0,1967.0,1744.0,137,196.0,286.0,86.0,20.0,20,0.87
80,fakesr2005,519,519,1.0,2676.0,,,,,519.0,,,,,3.0,0.6,3.0,0.6,2010,1990.0,1720.0,,,211,64.0,35.0,,,16,0.73
81,li_yuang,1797,1810,26.0,386.0,902.0,864.0,1733.0,2054.0,1797.0,1724.0,1732.0,1714.0,1706.0,190.0,0.74,111.0,0.75,2010,2007.0,2004.0,2040.0,2085.0,97,105.0,123.0,127.0,84.0,64,0.89
82,aman9875,1815,1977,97.0,5165.0,1335.0,757.0,296.0,1058.0,1815.0,1956.0,1977.0,1974.0,1898.0,875.0,0.43,337.0,0.51,2009,2046.0,2084.0,2092.0,2095.0,113,103.0,338.0,166.0,318.0,313,0.76
83,JustAni,1694,1722,44.0,275.0,2549.0,1986.0,1325.0,2417.0,1694.0,1600.0,1674.0,1670.0,1690.0,593.0,0.49,128.0,0.44,2009,1992.0,1992.0,1958.0,1926.0,194,415.0,188.0,133.0,301.0,1389,0.86
84,Saarthak_10,2017,2017,150.0,343.0,26.0,170.0,4586.0,3964.0,2017.0,1918.0,1748.0,1580.0,1671.0,2586.0,0.46,427.0,0.42,2009,2056.0,2043.0,2009.0,1975.0,172,143.0,93.0,84.0,293.0,192,0.78
85,singlabharat,1778,1806,52.0,813.0,713.0,2003.0,542.0,1525.0,1778.0,1804.0,1765.0,1806.0,1735.0,402.0,0.54,161.0,0.58,2009,1950.0,1907.0,1941.0,1893.0,12,98.0,944.0,89.0,435.0,458,0.84
88,Alice_and_Bob,1724,1858,64.0,372.0,1155.0,4071.0,793.0,1891.0,1724.0,1620.0,1602.0,1713.0,1664.0,309.0,0.42,198.0,0.48,2009,2010.0,2042.0,1978.0,1927.0,82,133.0,35.0,170.0,605.0,55,0.9
89,vasu52,1620,1630,86.0,1588.0,3376.0,2057.0,2130.0,1799.0,1620.0,1586.0,1607.0,1605.0,1630.0,825.0,0.47,220.0,0.48,2009,1983.0,1978.0,1964.0,1924.0,83,246.0,210.0,62.0,124.0,269,0.86
90,jain47040,1678,1678,21.0,266.0,1209.0,2809.0,4131.0,598.0,1678.0,1597.0,1529.0,1524.0,1597.0,156.0,0.29,63.0,0.45,2009,1914.0,1832.0,1590.0,1650.0,50,122.0,29.0,1360.0,60.0,56,0.68
91,Abraxos,1730,1749,36.0,819.0,1675.0,485.0,1057.0,2806.0,1730.0,1714.0,1749.0,1693.0,1663.0,505.0,0.5,122.0,0.56,2009,1996.0,2002.0,1923.0,1851.0,248,90.0,14.0,54.0,113.0,58,0.85
92,khepri,2039,2039,57.0,65.0,343.0,153.0,492.0,2883.0,2039.0,1930.0,1899.0,1815.0,1775.0,381.0,0.47,214.0,0.5,2009,1936.0,1769.0,,,85,91.0,6.0,,,15,0.79
93,parvejmia9,1054,1393,4.0,6373.0,7071.0,5380.0,6209.0,,1054.0,1162.0,1276.0,1393.0,,3.0,0.43,1.0,0.2,2008,1988.0,2032.0,2026.0,1963.0,254,150.0,58.0,21.0,147.0,71,0.79
95,Alom_Shanto,1622,1828,265.0,3703.0,915.0,1593.0,3087.0,257.0,1622.0,1697.0,1712.0,1748.0,1828.0,1595.0,0.49,789.0,0.45,2008,2005.0,2035.0,2055.0,2023.0,70,122.0,106.0,30.0,33.0,339,0.83
97,rania_0,1311,1405,2.0,3483.0,2195.0,,,,1311.0,1405.0,,,,80.0,0.29,2.0,0.4,2008,2006.0,2040.0,2040.0,1976.0,108,110.0,158.0,27.0,514.0,71,0.83
98,MinaRagy06,1997,1997,101.0,137.0,597.0,562.0,124.0,895.0,1997.0,1926.0,1939.0,1975.0,1883.0,704.0,0.36,349.0,0.37,2008,1913.0,1967.0,1983.0,2013.0,23,1241.0,510.0,39.0,168.0,42,0.89
99,aymanrasheed7,2101,2101,94.0,299.0,517.0,495.0,353.0,275.0,2101.0,1956.0,1952.0,2030.0,1949.0,440.0,0.55,356.0,0.56,2007,2008.0,1858.0,1891.0,1679.0,163,35.0,417.0,47.0,55.0,29,0.88
100,Armaan48,1589,1683,108.0,1159.0,759.0,2809.0,4133.0,2527.0,1589.0,1587.0,1493.0,1524.0,1593.0,1523.0,0.42,316.0,0.46,2007,1966.0,1934.0,1960.0,2003.0,40,87.0,502.0,109.0,136.0,361,0.77
101,DEAD_POOL2001,1800,1886,86.0,1020.0,665.0,1498.0,562.0,184.0,1800.0,1827.0,1814.0,1884.0,1886.0,808.0,0.58,310.0,0.59,2007,1963.0,1991.0,1950.0,1914.0,13,141.0,55.0,152.0,989.0,188,0.84
102,lovedeep0022,1634,1636,195.0,470.0,1600.0,1076.0,3602.0,2985.0,1634.0,1582.0,1568.0,1539.0,1589.0,1548.0,0.56,549.0,0.52,2007,1977.0,1957.0,1964.0,1933.0,61,83.0,328.0,106.0,455.0,578,0.84
103,Vishal1019,1494,1494,31.0,1410.0,2206.0,1925.0,2931.0,3018.0,1494.0,1471.0,1430.0,1363.0,1294.0,574.0,0.45,91.0,0.38,2007,1950.0,1901.0,1897.0,1841.0,30,74.0,455.0,71.0,227.0,247,0.84
104,rohitt28,1436,1619,78.0,2244.0,7618.0,1397.0,5742.0,2410.0,1436.0,1425.0,1496.0,1468.0,1550.0,482.0,0.38,237.0,0.38,2007,1964.0,1975.0,1932.0,1904.0,24,630.0,12.0,191.0,926.0,177,0.8
105,sujoy_321,1621,1621,39.0,1317.0,2001.0,3448.0,4140.0,334.0,1621.0,1563.0,1525.0,1562.0,1598.0,482.0,0.58,152.0,0.56,2007,1968.0,1984.0,1956.0,1947.0,34,601.0,150.0,284.0,168.0,383,0.85
106,nano_nish,1892,1892,25.0,458.0,323.0,1503.0,101.0,3694.0,1892.0,1761.0,1689.0,1714.0,1583.0,371.0,0.46,119.0,0.47,2007,2003.0,1952.0,1915.0,1862.0,105,26.0,147.0,14.0,221.0,97,0.84
107,anjkk01,1654,1716,62.0,2403.0,692.0,1695.0,843.0,596.0,1654.0,1716.0,1636.0,1616.0,1558.0,1146.0,0.37,221.0,0.38,2007,2046.0,2043.0,2051.0,1987.0,125,64.0,97.0,25.0,57.0,110,0.82
108,unknownnnn,434,434,1.0,5332.0,,,,,434.0,,,,,2.0,0.4,2.0,0.4,2007,1960.0,1920.0,1893.0,1874.0,24,81.0,207.0,217.0,406.0,170,0.89
109,Vikas_9118,1216,1308,10.0,5634.0,6335.0,9639.0,5293.0,4209.0,1216.0,1219.0,1241.0,1304.0,1308.0,25.0,0.62,25.0,0.68,1597,1654.0,1546.0,1487.0,,1177,230.0,1201.0,372.0,,11,0.73
111,pankajjsuthar,1202,1217,7.0,6546.0,5082.0,4173.0,9764.0,17925.0,1202.0,1217.0,1124.0,929.0,827.0,22.0,0.41,11.0,0.31,1597,1570.0,1575.0,1528.0,1572.0,749,1587.0,206.0,2732.0,1264.0,62,0.79
112,yenper,1128,1128,5.0,3150.0,5524.0,11079.0,7397.0,10646.0,1128.0,923.0,849.0,689.0,391.0,193.0,0.61,9.0,0.47,1597,1640.0,1631.0,1612.0,1637.0,1989,2093.0,1032.0,2573.0,1495.0,26,0.87
113,Aryan_1311,859,859,5.0,14185.0,14437.0,23002.0,10856.0,10681.0,859.0,763.0,726.0,595.0,356.0,6.0,0.29,4.0,0.27,1597,1613.0,1599.0,1620.0,1577.0,1045,866.0,1402.0,235.0,1060.0,71,0.8
114,uday008,1004,1004,15.0,7782.0,10732.0,6336.0,7367.0,6447.0,1004.0,970.0,994.0,963.0,924.0,79.0,0.59,28.0,0.42,1597,1563.0,1529.0,1535.0,1519.0,407,451.0,2048.0,1350.0,1464.0,174,0.87
115,srv333,992,1165,15.0,11669.0,9217.0,6700.0,8653.0,8383.0,992.0,1031.0,1058.0,1029.0,1034.0,74.0,0.49,26.0,0.5,1597,1583.0,1589.0,1602.0,1578.0,926,1858.0,1403.0,687.0,814.0,166,0.81
116,boyiddha,1191,1220,24.0,6177.0,3450.0,4636.0,4495.0,6857.0,1191.0,1220.0,1198.0,1183.0,1142.0,859.0,0.43,50.0,0.33,1597,1577.0,1616.0,1626.0,1636.0,771,2134.0,1147.0,1624.0,607.0,89,0.88
117,Ayushj14987,1134,1325,28.0,5631.0,9976.0,5998.0,17483.0,2948.0,1134.0,1120.0,1207.0,1187.0,1325.0,386.0,0.49,80.0,0.39,1597,1610.0,1631.0,1612.0,1576.0,1491,1770.0,798.0,315.0,1484.0,333,0.91
118,armaangrd786,1072,1105,9.0,8722.0,4995.0,4550.0,7376.0,7172.0,1072.0,1089.0,1105.0,1072.0,1084.0,18.0,0.42,14.0,0.4,1597,1582.0,1550.0,1535.0,1542.0,552,190.0,960.0,1118.0,1846.0,119,0.81
120,meet_3447,683,683,2.0,6090.0,12258.0,,,,683.0,353.0,,,,3.0,0.6,3.0,0.6,1597,1543.0,1572.0,1588.0,1563.0,19,2707.0,1474.0,831.0,3071.0,116,0.85
121,parvez_144,859,859,3.0,11611.0,9969.0,13909.0,,,859.0,689.0,388.0,,,6.0,0.3,4.0,0.31,1597,1615.0,1593.0,1578.0,1574.0,1047,648.0,779.0,1660.0,802.0,54,0.89
129,iampurvesh,1092,1157,15.0,7393.0,10951.0,7109.0,10821.0,7707.0,1092.0,1055.0,1075.0,1033.0,1061.0,102.0,0.65,28.0,0.53,1597,1601.0,1522.0,1319.0,,1326,529.0,510.0,1249.0,,34,0.89
131,mnpr0c0de,732,732,2.0,7694.0,3966.0,,,,732.0,476.0,,,,5.0,0.56,5.0,0.56,1597,1505.0,1604.0,,,534,1595.0,111.0,,,14,0.78
132,The_November,838,838,3.0,11367.0,4747.0,6629.0,,,838.0,684.0,359.0,,,6.0,0.55,6.0,0.55,1597,1304.0,,,,74,1382.0,,,,12,0.92
133,rachitcoder26,868,868,4.0,9655.0,9418.0,9716.0,7286.0,,868.0,744.0,615.0,359.0,,10.0,0.25,3.0,0.12,1885,1866.0,1826.0,1798.0,1813.0,288,127.0,431.0,1173.0,146.0,207,0.92
134,YazanAlattar,1618,2115,113.0,1466.0,3337.0,1111.0,5911.0,2247.0,1618.0,1617.0,1695.0,1665.0,1809.0,1508.0,0.33,389.0,0.33,1885,1952.0,1835.0,1898.0,1875.0,619,42.0,792.0,231.0,3.0,23,0.92
135,babber_manav,480,480,1.0,4222.0,,,,,480.0,,,,,108.0,0.54,3.0,0.6,1884,1836.0,1823.0,1862.0,1836.0,62,577.0,1483.0,289.0,149.0,408,0.92
136,ro27,1436,1436,92.0,864.0,2962.0,2775.0,1871.0,4173.0,1436.0,1389.0,1411.0,1390.0,1379.0,722.0,0.42,205.0,0.35,1884,1880.0,1877.0,1894.0,1883.0,312,385.0,632.0,264.0,605.0,453,0.79
137,hardik_836,1460,1515,70.0,5464.0,2922.0,995.0,2097.0,2660.0,1460.0,1503.0,1515.0,1486.0,1489.0,1057.0,0.45,192.0,0.55,1884,1923.0,1900.0,1857.0,1804.0,1326,415.0,201.0,64.0,155.0,137,0.82
138,rahulmittall,1435,1435,19.0,2724.0,3353.0,1588.0,2169.0,3326.0,1435.0,1408.0,1401.0,1313.0,1277.0,77.0,0.49,52.0,0.56,1884,1858.0,1853.0,1889.0,1879.0,330,739.0,1527.0,559.0,150.0,65,0.82
139,Ritesh_K_G1,1477,1594,20.0,1775.0,5530.0,5255.0,882.0,2641.0,1477.0,1468.0,1526.0,1594.0,1500.0,62.0,0.64,62.0,0.64,1884,1859.0,1859.0,1852.0,1864.0,256,722.0,472.0,1068.0,1577.0,125,0.87
140,Ronakkhandlwl,994,1229,23.0,8314.0,7230.0,10750.0,8200.0,8733.0,994.0,1012.0,973.0,1006.0,1058.0,144.0,0.54,38.0,0.4,1883,1838.0,1793.0,1739.0,1709.0,141,223.0,67.0,478.0,228.0,112,0.82
141,ac121102,1698,1698,33.0,759.0,1485.0,772.0,1611.0,3475.0,1698.0,1618.0,1584.0,1538.0,1500.0,253.0,0.4,124.0,0.35,1883,1924.0,1900.0,1886.0,1843.0,886,159.0,310.0,152.0,796.0,138,0.83
142,Nitin_dholera,1506,1506,68.0,1907.0,717.0,2588.0,4257.0,3199.0,1506.0,1503.0,1409.0,1361.0,1352.0,531.0,0.47,159.0,0.44,1883,1841.0,1864.0,1897.0,1871.0,52,645.0,851.0,212.0,1476.0,121,0.92
143,Eslam_Ahmed,1738,1754,205.0,968.0,1114.0,1090.0,1229.0,1086.0,1738.0,1740.0,1744.0,1754.0,1709.0,3303.0,0.35,647.0,0.3,1883,1857.0,1842.0,1846.0,1836.0,156,381.0,821.0,500.0,305.0,65,0.84
145,nayan6119,1613,1641,97.0,1784.0,353.0,2779.0,2400.0,1755.0,1613.0,1613.0,1523.0,1542.0,1514.0,2121.0,0.59,269.0,0.53,1882,1880.0,1838.0,1796.0,1819.0,602,198.0,295.0,1191.0,1854.0,140,0.79
146,MISHARTA,1621,1730,72.0,696.0,4099.0,871.0,4121.0,1521.0,1621.0,1542.0,1586.0,1486.0,1523.0,698.0,0.36,196.0,0.51,1882,1873.0,1868.0,1918.0,1911.0,466,588.0,1495.0,494.0,1565.0,149,0.71
147,ar_rony1,1484,1578,173.0,2701.0,3008.0,1794.0,1787.0,731.0,1484.0,1511.0,1578.0,1528.0,1541.0,2596.0,0.47,438.0,0.43,1882,1840.0,1802.0,1787.0,1757.0,40,96.0,637.0,254.0,731.0,119,0.77
148,A_d_i_t_y_a1,1695,1695,62.0,132.0,1799.0,4513.0,2526.0,520.0,1695.0,1587.0,1571.0,1654.0,1681.0,554.0,0.41,157.0,0.47,1882,1887.0,1932.0,1910.0,1875.0,562,163.0,267.0,138.0,671.0,78,0.78
149,kamalkish0r,1506,1506,76.0,1586.0,1340.0,1783.0,2721.0,1929.0,1506.0,1479.0,1440.0,1416.0,1419.0,551.0,0.46,196.0,0.5,1882,1906.0,1896.0,1907.0,1929.0,774,249.0,602.0,1069.0,379.0,288,0.79
150,sirvi_26,1713,1713,148.0,648.0,684.0,462.0,3815.0,2497.0,1713.0,1666.0,1622.0,1556.0,1601.0,1588.0,0.48,439.0,0.48,1882,1916.0,1959.0,1967.0,1999.0,1042,1317.0,430.0,169.0,174.0,196,0.77
151,sanwal_aditya,1658,1658,35.0,1207.0,2371.0,1934.0,1378.0,1647.0,1658.0,1631.0,1617.0,1614.0,1576.0,395.0,0.45,103.0,0.47,1882,1850.0,1822.0,1761.0,1740.0,324,322.0,55.0,893.0,656.0,52,0.87
153,MODDI,1617,1624,174.0,832.0,2601.0,436.0,2908.0,869.0,1617.0,1559.0,1624.0,1492.0,1537.0,1242.0,0.34,382.0,0.25,1882,1945.0,1909.0,1825.0,1868.0,781,169.0,78.0,738.0,14.0,54,0.84
154,TrupalPatel,1649,1654,59.0,1696.0,2000.0,1803.0,869.0,1614.0,1649.0,1615.0,1627.0,1654.0,1613.0,719.0,0.39,163.0,0.48,1882,1844.0,1879.0,1864.0,1885.0,194,1412.0,359.0,1205.0,187.0,63,0.83
155,KyojuroRengoku,1463,1463,16.0,2179.0,3729.0,2317.0,4230.0,2586.0,1463.0,1420.0,1409.0,1356.0,1348.0,389.0,0.5,43.0,0.51,1882,1923.0,1919.0,1905.0,1854.0,929,343.0,238.0,113.0,588.0,62,0.71
156,aanupam29,1622,1622,39.0,957.0,1713.0,108.0,2314.0,3939.0,1622.0,1576.0,1596.0,1347.0,1287.0,1412.0,0.7,84.0,0.46,1881,1922.0,1870.0,1828.0,1787.0,1502,32.0,153.0,166.0,229.0,87,0.7
157,abhiprayasinha,1493,1626,100.0,2413.0,1062.0,8618.0,3907.0,2419.0,1493.0,1505.0,1458.0,1555.0,1596.0,409.0,0.48,299.0,0.5,1881,1838.0,1822.0,1820.0,1772.0,48,376.0,787.0,78.0,689.0,70,0.9
158,rakesh272611,1461,1577,127.0,4506.0,914.0,3555.0,2814.0,2265.0,1461.0,1528.0,1474.0,1484.0,1444.0,867.0,0.39,335.0,0.43,1881,1907.0,1921.0,1895.0,1913.0,1196,938.0,291.0,987.0,777.0,342,0.81
159,atharva1583,1289,1601,103.0,5407.0,10681.0,2433.0,1515.0,9478.0,1289.0,1292.0,1447.0,1370.0,1283.0,938.0,0.46,269.0,0.4,1881,1898.0,1868.0,1855.0,1864.0,671,123.0,279.0,783.0,49.0,247,0.86
160,dhruv1807,1566,1566,64.0,1719.0,368.0,3238.0,2774.0,5167.0,1566.0,1544.0,1442.0,1445.0,1428.0,383.0,0.54,176.0,0.59,1881,1900.0,1906.0,1873.0,1846.0,636,633.0,146.0,275.0,766.0,196,0.83
162,zoharbarak,1323,1413,8.0,6781.0,2887.0,788.0,8319.0,4995.0,1323.0,1413.0,1397.0,1165.0,1116.0,26.0,0.4,16.0,0.42,1881,1721.0,1300.0,1683.0,,69,218.0,1641.0,59.0,,26,0.79
163,coder_pulkit_s,1441,1487,55.0,3685.0,4507.0,1369.0,2473.0,1347.0,1441.0,1459.0,1487.0,1456.0,1466.0,862.0,0.56,125.0,0.6,1881,1865.0,1833.0,1785.0,1729.0,577,365.0,300.0,309.0,349.0,34,0.94
165,daksh2021,1413,1553,18.0,2953.0,1654.0,5141.0,1740.0,5689.0,1413.0,1434.0,1405.0,1464.0,1452.0,303.0,0.52,59.0,0.78,1880,1891.0,1928.0,1961.0,1947.0,866,1187.0,1574.0,363.0,577.0,64,0.88
166,tezk,1639,1725,34.0,2196.0,847.0,4249.0,1038.0,774.0,1639.0,1664.0,1624.0,1725.0,1649.0,918.0,0.48,102.0,0.42,1880,1798.0,1839.0,1734.0,1569.0,119,1073.0,92.0,71.0,1914.0,78,0.93
167,blackcoder0212,1541,1569,94.0,2237.0,1229.0,1322.0,3158.0,606.0,1541.0,1569.0,1522.0,1499.0,1546.0,768.0,0.59,236.0,0.54,1880,1858.0,1867.0,1879.0,1856.0,161,416.0,539.0,194.0,406.0,453,0.88
168,edfearay11,1779,1779,30.0,400.0,976.0,2166.0,3080.0,1046.0,1779.0,1676.0,1640.0,1641.0,1711.0,284.0,0.41,87.0,0.48,1880,1826.0,1750.0,1770.0,1744.0,146,41.0,1669.0,916.0,248.0,67,0.84
169,MarshallRNH2,1479,1481,17.0,2004.0,1271.0,1011.0,4535.0,3536.0,1479.0,1481.0,1438.0,1319.0,1341.0,78.0,0.25,35.0,0.3,1879,1869.0,1854.0,1804.0,1775.0,279,273.0,51.0,199.0,270.0,237,0.85
170,densetsu,1310,1457,14.0,5511.0,7975.0,682.0,1876.0,1663.0,1310.0,1361.0,1457.0,1347.0,1370.0,38.0,0.38,21.0,0.55,1879,1843.0,1892.0,1879.0,1896.0,116,1107.0,272.0,543.0,94.0,189,0.74
171,flakes24,1572,1702,51.0,3387.0,1266.0,6580.0,143.0,2502.0,1572.0,1637.0,1583.0,1702.0,1595.0,465.0,0.38,152.0,0.38,1879,1813.0,1857.0,1868.0,1803.0,128,1843.0,919.0,237.0,444.0,37,0.88
172,ritikagr061,1344,1472,46.0,2519.0,2783.0,6750.0,1932.0,3269.0,1344.0,1316.0,1267.0,1337.0,1297.0,583.0,0.53,121.0,0.54,1879,1891.0,1914.0,1891.0,1891.0,1026,1008.0,247.0,447.0,924.0,87,0.9
173,ssshanto,1694,1789,77.0,1278.0,842.0,2801.0,2091.0,913.0,1694.0,1726.0,1679.0,1757.0,1789.0,989.0,0.57,274.0,0.55,1878,1893.0,1850.0,1784.0,1765.0,492,178.0,124.0,435.0,601.0,63,0.85
174,mikeac,1960,2057,70.0,173.0,1191.0,972.0,125.0,373.0,1960.0,1887.0,1934.0,1972.0,1886.0,1373.0,0.58,318.0,0.49,2089,2073.0,2049.0,2000.0,1967.0,30,57.0,29.0,141.0,108.0,182,0.87
175,kachhuaa,1917,2052,154.0,220.0,845.0,331.0,96.0,4626.0,1917.0,1853.0,1870.0,1838.0,1662.0,2275.0,0.68,624.0,0.67,2087,2127.0,2107.0,2100.0,2111.0,111,41.0,98.0,91.0,26.0,298,0.9
176,doubleux,2108,2108,79.0,186.0,187.0,141.0,401.0,1087.0,2108.0,2079.0,2035.0,1943.0,1898.0,941.0,0.42,399.0,0.37,2086,2078.0,2045.0,2009.0,1936.0,79,56.0,66.0,16.0,9.0,262,0.86
177,shyamer3,1845,1865,65.0,864.0,860.0,439.0,1592.0,1091.0,1845.0,1865.0,1808.0,1743.0,1786.0,826.0,0.43,280.0,0.51,2086,2055.0,2021.0,2025.0,2026.0,23,21.0,95.0,107.0,68.0,241,0.9
178,AlephZero01,1821,1896,149.0,1127.0,395.0,1096.0,770.0,569.0,1821.0,1864.0,1823.0,1785.0,1774.0,889.0,0.5,498.0,0.6,2086,2065.0,2089.0,2072.0,2035.0,35,137.0,70.0,24.0,98.0,272,0.86
179,Intellegent,1882,2149,56.0,1988.0,789.0,463.0,795.0,115.0,1882.0,1993.0,2048.0,2083.0,2092.0,565.0,0.42,198.0,0.5,2086,2060.0,2131.0,2042.0,2111.0,69,160.0,19.0,547.0,223.0,60,0.92
180,hydru,1273,1407,10.0,5717.0,8349.0,2088.0,6987.0,608.0,1273.0,1295.0,1407.0,1335.0,1366.0,18.0,0.56,18.0,0.56,2086,2075.0,1830.0,1760.0,,39,9.0,333.0,11.0,,16,0.94
181,tanmayagarwal,1872,1969,46.0,214.0,1259.0,1021.0,272.0,2035.0,1872.0,1785.0,1829.0,1838.0,1748.0,963.0,0.48,165.0,0.53,2085,2059.0,2013.0,2057.0,2013.0,37,65.0,198.0,70.0,274.0,157,0.78
182,Ami_Nafi,1984,2034,153.0,573.0,118.0,925.0,641.0,628.0,1984.0,1979.0,1863.0,1929.0,1922.0,575.0,0.54,533.0,0.57,2085,1839.0,1604.0,1285.0,1427.0,9,21.0,17.0,21455.0,1240.0,22,0.96
183,world_classic,2184,2184,115.0,38.0,353.0,433.0,250.0,177.0,2184.0,2093.0,2046.0,2034.0,2026.0,1498.0,0.48,371.0,0.52,2085,2077.0,2023.0,1944.0,1879.0,123,74.0,2.0,31.0,782.0,118,0.8
184,Inferno2332,1678,1860,11.0,1955.0,2731.0,3547.0,195.0,811.0,1678.0,1702.0,1766.0,1860.0,1730.0,497.0,0.66,59.0,0.57,2085,1929.0,1849.0,1762.0,,2,133.0,165.0,8.0,,117,0.92
185,HelioSpookk,1774,1774,16.0,611.0,1734.0,1064.0,542.0,850.0,1774.0,1701.0,1699.0,1656.0,1612.0,95.0,0.41,63.0,0.39,2084,2038.0,1916.0,1899.0,1969.0,46,21.0,350.0,552.0,76.0,27,0.87
186,PixelPenguin,1722,1728,16.0,1437.0,519.0,1193.0,3099.0,1136.0,1722.0,1728.0,1627.0,1620.0,1671.0,62.0,0.5,55.0,0.52,2082,2054.0,1966.0,1928.0,1806.0,67,15.0,154.0,51.0,308.0,30,0.88
187,Harsh1610,1924,1924,121.0,190.0,309.0,1104.0,1065.0,3023.0,1924.0,1842.0,1769.0,1767.0,1694.0,1126.0,0.52,411.0,0.56,2081,2100.0,2052.0,2013.0,2033.0,89,43.0,64.0,216.0,175.0,398,0.82
189,ivalolre,1711,1797,67.0,948.0,1771.0,1820.0,1422.0,2097.0,1711.0,1698.0,1721.0,1735.0,1740.0,523.0,0.45,220.0,0.45,2081,1736.0,,,,16,20.0,,,,13,0.81
190,shekharh433,1615,1719,75.0,3691.0,2130.0,564.0,2452.0,246.0,1615.0,1679.0,1719.0,1635.0,1688.0,1244.0,0.45,206.0,0.41,2081,1900.0,1730.0,1826.0,1878.0,17,15.0,1210.0,591.0,31.0,36,0.92
191,ERROR_1609,1705,1705,8.0,292.0,1672.0,1802.0,1866.0,3160.0,1705.0,1551.0,1570.0,1494.0,1368.0,81.0,0.62,41.0,0.61,2080,2061.0,2071.0,2051.0,2059.0,56,64.0,73.0,100.0,82.0,53,0.9
192,ILL1A,1818,2030,179.0,1107.0,789.0,593.0,1292.0,957.0,1818.0,1859.0,1872.0,1891.0,1962.0,1194.0,0.24,568.0,0.26,2080,2033.0,1777.0,1772.0,,33,8.0,311.0,2.0,,21,0.91
193,dhruvpasricha1,1600,1711,10.0,2648.0,5196.0,143.0,6832.0,3229.0,1600.0,1605.0,1681.0,1559.0,1678.0,55.0,0.49,51.0,0.48,2080,2119.0,2109.0,2133.0,2124.0,86,59.0,79.0,79.0,47.0,114,0.88
194,notShreyd01,1293,1293,3.0,492.0,1263.0,571.0,,,1293.0,972.0,613.0,,,17.0,0.71,16.0,0.73,2080,1965.0,1768.0,,,71,126.0,4.0,,,13,0.93
195,kushazsehgal,1793,1862,65.0,1340.0,1573.0,228.0,988.0,846.0,1793.0,1814.0,1856.0,1796.0,1817.0,417.0,0.44,196.0,0.52,2079,2052.0,1980.0,1907.0,1910.0,85,16.0,22.0,685.0,546.0,44,0.88
196,subrat0018,1712,1795,74.0,2024.0,566.0,608.0,700.0,81.0,1712.0,1795.0,1770.0,1709.0,1688.0,815.0,0.47,270.0,0.5,2079,2092.0,2065.0,2040.0,2068.0,62,23.0,60.0,97.0,119.0,244,0.76
197,thirdcook,1782,1782,61.0,637.0,606.0,783.0,913.0,733.0,1782.0,1759.0,1712.0,1709.0,1700.0,754.0,0.39,207.0,0.5,2079,2044.0,1903.0,1768.0,1728.0,102,27.0,174.0,534.0,19.0,37,0.9
198,Chloris_Black,1772,1772,20.0,357.0,1396.0,725.0,1230.0,4888.0,1772.0,1711.0,1644.0,1565.0,1492.0,381.0,0.43,75.0,0.51,2079,2145.0,1762.0,,,87,10.0,10.0,,,18,0.95
199,NemanjaSo2005,2282,2282,50.0,6.0,553.0,526.0,658.0,821.0,2282.0,2091.0,2104.0,2121.0,2162.0,634.0,0.34,250.0,0.45,2078,2048.0,1970.0,1914.0,1845.0,126,3.0,90.0,3.0,5.0,102,0.81
200,MrDeboo,1911,1911,52.0,33.0,1860.0,515.0,636.0,2223.0,1911.0,1757.0,1804.0,1756.0,1724.0,725.0,0.36,170.0,0.34,2078,1990.0,2058.0,2064.0,1968.0,3,170.0,124.0,9.0,4.0,70,0.81
201,BhavayGoyal,1927,1927,63.0,123.0,355.0,214.0,1850.0,521.0,1927.0,1861.0,1816.0,1741.0,1801.0,867.0,0.42,208.0,0.43,2078,2067.0,1965.0,2024.0,2100.0,81,11.0,95.0,61.0,32.0,53,0.74
202,HackedAgain,1961,1961,16.0,339.0,753.0,805.0,417.0,2277.0,1961.0,1910.0,1895.0,1883.0,1801.0,69.0,0.37,55.0,0.5,2078,2045.0,2032.0,2070.0,2111.0,81,77.0,81.0,88.0,145.0,64,0.79
203,anubhav100rao,1697,1728,112.0,1068.0,1014.0,1411.0,848.0,2373.0,1697.0,1728.0,1720.0,1692.0,1646.0,943.0,0.45,300.0,0.35,2077,2054.0,2017.0,1988.0,2002.0,86,40.0,89.0,142.0,37.0,305,0.82
204,purupuddu,1828,1905,64.0,1747.0,512.0,580.0,295.0,2092.0,1828.0,1892.0,1894.0,1881.0,1837.0,280.0,0.47,201.0,0.57,2077,1756.0,,,,24,12.0,,,,15,0.83
205,Desh01,1929,1929,146.0,40.0,328.0,2229.0,762.0,3858.0,1929.0,1731.0,1615.0,1679.0,1629.0,1238.0,0.41,460.0,0.45,2077,2057.0,2027.0,2049.0,2077.0,66,32.0,75.0,106.0,100.0,94,0.84
206,fangahawk,2113,2113,85.0,435.0,160.0,206.0,791.0,49.0,2113.0,2091.0,2049.0,2007.0,2094.0,1610.0,0.38,345.0,0.3,2076,1968.0,1853.0,1755.0,1653.0,18,2.0,94.0,9.0,100.0,122,0.88
207,Dawnshard,1761,1961,98.0,2205.0,1130.0,445.0,3455.0,83.0,1761.0,1805.0,1817.0,1773.0,1889.0,731.0,0.44,352.0,0.56,2076,2109.0,2124.0,2080.0,1959.0,132,58.0,51.0,24.0,228.0,58,0.88
208,konbi,2137,2137,26.0,361.0,239.0,219.0,337.0,380.0,2137.0,2071.0,2051.0,2020.0,2008.0,113.0,0.43,102.0,0.46,2076,1742.0,,,,28,16.0,,,,10,0.83
209,tankman890,1966,1966,145.0,209.0,502.0,584.0,405.0,489.0,1966.0,1885.0,1869.0,1845.0,1809.0,1047.0,0.46,515.0,0.53,2075,2060.0,2078.0,2049.0,1998.0,53,202.0,84.0,128.0,40.0,51,0.84
210,noomaK,2009,2009,178.0,76.0,214.0,567.0,758.0,1648.0,2009.0,1898.0,1815.0,1759.0,1758.0,2815.0,0.44,541.0,0.36,2075,1998.0,2003.0,1923.0,1880.0,14,136.0,97.0,369.0,107.0,39,0.78
211,fugaku,1686,1686,66.0,762.0,1858.0,669.0,2495.0,1156.0,1686.0,1628.0,1642.0,1556.0,1571.0,814.0,0.73,194.0,0.72,2075,2033.0,1987.0,1979.0,1957.0,36,33.0,350.0,236.0,35.0,214,0.82
212,boatfly,1805,1805,8.0,181.0,718.0,1806.0,4956.0,2222.0,1805.0,1658.0,1592.0,1502.0,1492.0,35.0,0.7,34.0,0.69,2075,2029.0,1888.0,1730.0,1738.0,117,30.0,128.0,545.0,19.0,22,1.0
213,Ahmed_Aladdin,1788,1857,169.0,1220.0,1066.0,166.0,906.0,1828.0,1788.0,1828.0,1857.0,1738.0,1726.0,1375.0,0.54,633.0,0.53,2075,2034.0,1953.0,1975.0,1889.0,59,29.0,419.0,72.0,13.0,49,0.94
214,Deepak_Sujay,1640,1670,23.0,1524.0,1691.0,1034.0,2661.0,1193.0,1640.0,1631.0,1645.0,1593.0,1622.0,168.0,0.46,73.0,0.54,1838,1791.0,1829.0,1824.0,1785.0,32,1358.0,473.0,106.0,1644.0,104,0.82
215,gopoma,1369,1369,41.0,2737.0,714.0,4832.0,6922.0,3841.0,1369.0,1365.0,1231.0,1243.0,1286.0,953.0,0.67,94.0,0.55,1838,1726.0,1489.0,,,109,29.0,153.0,,,13,1.0
216,Beast_376,1479,1559,44.0,1859.0,3950.0,2489.0,2402.0,1163.0,1479.0,1474.0,1526.0,1553.0,1559.0,574.0,0.53,141.0,0.6,1837,1849.0,1838.0,1825.0,1792.0,606,393.0,406.0,258.0,1019.0,192,0.89
217,Krypto02,1179,1394,72.0,3928.0,8737.0,4898.0,3829.0,6647.0,1179.0,1151.0,1243.0,1254.0,1251.0,503.0,0.55,163.0,0.56,1837,1857.0,1839.0,1838.0,1824.0,709,327.0,663.0,436.0,582.0,116,0.85
218,Sumitk7970,1347,1476,44.0,5527.0,2410.0,3581.0,4530.0,852.0,1347.0,1420.0,1419.0,1432.0,1476.0,116.0,0.61,110.0,0.61,1837,1856.0,1818.0,1803.0,1827.0,908,74.0,500.0,1044.0,620.0,134,0.8
219,abineth,1436,1569,104.0,2449.0,3088.0,3147.0,1960.0,2826.0,1436.0,1441.0,1454.0,1487.0,1442.0,594.0,0.59,297.0,0.55,1837,1825.0,1850.0,1887.0,1920.0,377,807.0,1150.0,1148.0,527.0,582,0.89
220,shriram0558,1464,1464,45.0,1967.0,3903.0,1685.0,4412.0,2928.0,1464.0,1410.0,1462.0,1417.0,1459.0,357.0,0.52,122.0,0.48,1837,1834.0,1825.0,1816.0,1809.0,606,386.0,451.0,634.0,871.0,346,0.87
221,imshubham_08,1524,1524,19.0,288.0,2639.0,4310.0,1751.0,4065.0,1524.0,1383.0,1352.0,1372.0,1345.0,76.0,0.36,52.0,0.47,1837,1873.0,1832.0,1867.0,1833.0,879,92.0,1177.0,146.0,249.0,233,0.91
222,Atharva_Arya2,1645,1645,46.0,627.0,1211.0,859.0,3644.0,1634.0,1645.0,1570.0,1500.0,1397.0,1439.0,164.0,0.51,135.0,0.52,1837,1854.0,1856.0,1834.0,1805.0,1286,982.0,411.0,154.0,199.0,81,0.87
223,shreyapathak,1668,1668,8.0,1896.0,2223.0,2619.0,2110.0,375.0,1668.0,1636.0,1622.0,1629.0,1599.0,167.0,0.55,26.0,0.81,1836,1771.0,1646.0,1530.0,1630.0,373,47.0,194.0,2763.0,1627.0,46,0.79
226,Anmol966,1214,1279,24.0,4832.0,4743.0,2308.0,3798.0,6009.0,1214.0,1262.0,1250.0,1167.0,1074.0,60.0,0.36,43.0,0.48,1836,1844.0,1872.0,1830.0,1842.0,481,695.0,284.0,1016.0,1105.0,62,0.78
227,motimotipurinn,1251,1251,5.0,9273.0,4141.0,4796.0,2178.0,5523.0,1251.0,1236.0,1063.0,866.0,460.0,15.0,0.38,13.0,0.43,1836,1740.0,1749.0,1612.0,1594.0,122,1183.0,502.0,1569.0,181.0,16,0.73
230,epic_agarwal,1120,1272,18.0,2515.0,7494.0,11670.0,12164.0,4984.0,1120.0,1014.0,1067.0,1136.0,1185.0,37.0,0.69,37.0,0.69,1836,1852.0,1872.0,1867.0,1836.0,701,634.0,467.0,236.0,610.0,70,0.86
231,IbrahimHiarea,1304,1605,95.0,5530.0,4086.0,2930.0,3916.0,2723.0,1304.0,1372.0,1392.0,1409.0,1446.0,1544.0,0.45,210.0,0.34,1836,1816.0,1801.0,1861.0,1750.0,391,421.0,923.0,162.0,944.0,27,0.77
233,siddharthmuthu,1313,1422,84.0,1734.0,4831.0,7295.0,4038.0,7117.0,1313.0,1251.0,1282.0,1336.0,1345.0,307.0,0.49,171.0,0.41,1835,1802.0,1777.0,1784.0,1747.0,207,351.0,1025.0,206.0,520.0,529,0.84
234,teju2003,1506,1506,67.0,1242.0,1686.0,887.0,2986.0,2520.0,1506.0,1491.0,1451.0,1357.0,1381.0,1082.0,0.47,180.0,0.51,1835,1821.0,1855.0,1855.0,1884.0,369,1341.0,597.0,1083.0,772.0,185,0.83
235,cptraveller,356,356,1.0,9653.0,,,,,356.0,,,,,13.0,0.36,0.0,0.0,1835,1788.0,1821.0,1873.0,1867.0,324,912.0,1212.0,60.0,99.0,114,0.98
236,sakurai67,1652,1652,23.0,1341.0,1104.0,1516.0,406.0,2537.0,1652.0,1584.0,1576.0,1543.0,1438.0,385.0,0.65,72.0,0.63,1835,1854.0,1799.0,1789.0,1756.0,1058,198.0,791.0,544.0,238.0,30,0.97
238,Shru1729,367,367,1.0,14365.0,,,,,367.0,,,,,3.0,0.33,2.0,0.67,1835,1796.0,1770.0,1785.0,1787.0,189,468.0,961.0,1145.0,852.0,64,0.85
239,rishabh8124,1314,1314,5.0,2943.0,2351.0,4280.0,4505.0,4849.0,1314.0,1194.0,1026.0,820.0,485.0,20.0,0.35,14.0,0.42,1835,1840.0,1818.0,1827.0,1769.0,713,351.0,492.0,153.0,838.0,99,0.87
240,k_rishabh,1536,1577,102.0,3448.0,1717.0,2508.0,1904.0,254.0,1536.0,1577.0,1562.0,1531.0,1494.0,1069.0,0.47,229.0,0.39,1834,1788.0,1830.0,1795.0,1816.0,70,1258.0,222.0,1361.0,740.0,287,0.82
242,rachitcoder26,868,868,4.0,9655.0,9418.0,9716.0,7286.0,,868.0,744.0,615.0,359.0,,10.0,0.25,3.0,0.12,1885,1866.0,1826.0,1798.0,1813.0,288,127.0,431.0,1173.0,146.0,207,0.92
243,rachitcoder26,868,868,4.0,9655.0,9418.0,9716.0,7286.0,,868.0,744.0,615.0,359.0,,10.0,0.25,3.0,0.12,1885,1866.0,1826.0,1798.0,1813.0,288,127.0,431.0,1173.0,146.0,207,0.92
244,yazanalattar,1618,2115,113.0,1466.0,3337.0,1111.0,5911.0,2247.0,1618.0,1617.0,1695.0,1665.0,1809.0,1508.0,0.33,389.0,0.33,1885,1952.0,1835.0,1898.0,1875.0,619,42.0,792.0,231.0,3.0,23,0.92
245,babber_manav,480,480,1.0,4222.0,,,,,480.0,,,,,108.0,0.54,3.0,0.6,1884,1836.0,1823.0,1862.0,1836.0,62,577.0,1483.0,289.0,149.0,408,0.92
246,ro27,1436,1436,92.0,864.0,2962.0,2775.0,1871.0,4173.0,1436.0,1389.0,1411.0,1390.0,1379.0,722.0,0.42,205.0,0.35,1884,1880.0,1877.0,1894.0,1883.0,312,385.0,632.0,264.0,605.0,453,0.79
247,hardik_836,1460,1515,70.0,5464.0,2922.0,995.0,2097.0,2660.0,1460.0,1503.0,1515.0,1486.0,1489.0,1057.0,0.45,192.0,0.55,1884,1923.0,1900.0,1857.0,1804.0,1326,415.0,201.0,64.0,155.0,137,0.82
248,rahulmittall,1435,1435,19.0,2724.0,3353.0,1588.0,2169.0,3326.0,1435.0,1408.0,1401.0,1313.0,1277.0,77.0,0.49,52.0,0.56,1884,1858.0,1853.0,1889.0,1879.0,330,739.0,1527.0,559.0,150.0,65,0.82
249,ritesh_k_g1,1477,1594,20.0,1775.0,5530.0,5255.0,882.0,2641.0,1477.0,1468.0,1526.0,1594.0,1500.0,62.0,0.64,62.0,0.64,1884,1859.0,1859.0,1852.0,1864.0,256,722.0,472.0,1068.0,1577.0,125,0.87
250,ronakkhandlwl,994,1229,23.0,8314.0,7230.0,10750.0,8200.0,8733.0,994.0,1012.0,973.0,1006.0,1058.0,144.0,0.54,38.0,0.4,1883,1838.0,1793.0,1739.0,1709.0,141,223.0,67.0,478.0,228.0,112,0.82
251,ac121102,1698,1698,33.0,759.0,1485.0,772.0,1611.0,3475.0,1698.0,1618.0,1584.0,1538.0,1500.0,253.0,0.4,124.0,0.35,1883,1924.0,1900.0,1886.0,1843.0,886,159.0,310.0,152.0,796.0,138,0.83
252,nitin_dholera,1506,1506,68.0,1907.0,717.0,2588.0,4257.0,3199.0,1506.0,1503.0,1409.0,1361.0,1352.0,531.0,0.47,159.0,0.44,1883,1841.0,1864.0,1897.0,1871.0,52,645.0,851.0,212.0,1476.0,121,0.92
253,eslam_ahmed,1738,1754,205.0,968.0,1114.0,1090.0,1229.0,1086.0,1738.0,1740.0,1744.0,1754.0,1709.0,3295.0,0.35,641.0,0.3,1883,1857.0,1842.0,1846.0,1836.0,156,381.0,821.0,500.0,305.0,65,0.84
254,nayan6119,1613,1641,97.0,1784.0,353.0,2779.0,2400.0,1755.0,1613.0,1613.0,1523.0,1542.0,1514.0,2121.0,0.59,269.0,0.53,1882,1880.0,1838.0,1796.0,1819.0,602,198.0,295.0,1191.0,1854.0,140,0.79
255,misharta,1621,1730,72.0,696.0,4099.0,871.0,4121.0,1521.0,1621.0,1542.0,1586.0,1486.0,1523.0,698.0,0.36,196.0,0.51,1882,1873.0,1868.0,1918.0,1911.0,466,588.0,1495.0,494.0,1565.0,149,0.71
256,ar_rony1,1484,1578,173.0,2701.0,3008.0,1794.0,1787.0,731.0,1484.0,1511.0,1578.0,1528.0,1541.0,2596.0,0.47,438.0,0.43,1882,1840.0,1802.0,1787.0,1757.0,40,96.0,637.0,254.0,731.0,119,0.77
257,a_d_i_t_y_a1,1695,1695,62.0,132.0,1799.0,4513.0,2526.0,520.0,1695.0,1587.0,1571.0,1654.0,1681.0,554.0,0.41,157.0,0.47,1882,1887.0,1932.0,1910.0,1875.0,562,163.0,267.0,138.0,671.0,78,0.78
258,kamalkish0r,1506,1506,76.0,1586.0,1340.0,1783.0,2721.0,1929.0,1506.0,1479.0,1440.0,1416.0,1419.0,551.0,0.46,196.0,0.5,1882,1906.0,1896.0,1907.0,1929.0,774,249.0,602.0,1069.0,379.0,288,0.79
259,sirvi_26,1713,1713,148.0,648.0,684.0,462.0,3815.0,2497.0,1713.0,1666.0,1622.0,1556.0,1601.0,1588.0,0.48,439.0,0.48,1882,1916.0,1959.0,1967.0,1999.0,1042,1317.0,430.0,169.0,174.0,196,0.77
260,sanwal_aditya,1658,1658,35.0,1207.0,2371.0,1934.0,1378.0,1647.0,1658.0,1631.0,1617.0,1614.0,1576.0,395.0,0.45,103.0,0.47,1882,1850.0,1822.0,1761.0,1740.0,324,322.0,55.0,893.0,656.0,52,0.87
261,moddi,1617,1624,174.0,832.0,2601.0,436.0,2908.0,869.0,1617.0,1559.0,1624.0,1492.0,1537.0,1241.0,0.34,382.0,0.25,1882,1945.0,1909.0,1825.0,1868.0,781,169.0,78.0,738.0,14.0,54,0.84
262,trupalpatel,1649,1654,59.0,1696.0,2000.0,1803.0,869.0,1614.0,1649.0,1615.0,1627.0,1654.0,1613.0,719.0,0.39,163.0,0.48,1882,1844.0,1879.0,1864.0,1885.0,194,1412.0,359.0,1205.0,187.0,63,0.83
263,kyojurorengoku,1463,1463,16.0,2179.0,3729.0,2317.0,4230.0,2586.0,1463.0,1420.0,1409.0,1356.0,1348.0,389.0,0.5,43.0,0.51,1882,1923.0,1919.0,1905.0,1854.0,929,343.0,238.0,113.0,588.0,62,0.71
264,aanupam29,1622,1622,39.0,957.0,1713.0,108.0,2314.0,3939.0,1622.0,1576.0,1596.0,1347.0,1287.0,1412.0,0.7,84.0,0.46,1881,1922.0,1870.0,1828.0,1787.0,1502,32.0,153.0,166.0,229.0,87,0.7
265,abhiprayasinha,1493,1626,100.0,2413.0,1062.0,8618.0,3907.0,2419.0,1493.0,1505.0,1458.0,1555.0,1596.0,409.0,0.48,299.0,0.5,1881,1838.0,1822.0,1820.0,1772.0,48,376.0,787.0,78.0,689.0,70,0.9
266,rakesh272611,1461,1577,127.0,4506.0,914.0,3555.0,2814.0,2265.0,1461.0,1528.0,1474.0,1484.0,1444.0,867.0,0.39,335.0,0.43,1881,1907.0,1921.0,1895.0,1913.0,1196,938.0,291.0,987.0,777.0,342,0.81
267,atharva1583,1289,1601,103.0,5407.0,10681.0,2433.0,1515.0,9478.0,1289.0,1292.0,1447.0,1370.0,1283.0,938.0,0.46,269.0,0.4,1881,1898.0,1868.0,1855.0,1864.0,671,123.0,279.0,783.0,49.0,247,0.86
268,dhruv1807,1566,1566,64.0,1719.0,368.0,3238.0,2774.0,5167.0,1566.0,1544.0,1442.0,1445.0,1428.0,383.0,0.54,176.0,0.59,1881,1900.0,1906.0,1873.0,1846.0,636,633.0,146.0,275.0,766.0,196,0.83
269,zoharbarak,1323,1413,8.0,6781.0,2887.0,788.0,8319.0,4995.0,1323.0,1413.0,1397.0,1165.0,1116.0,26.0,0.4,16.0,0.42,1881,1721.0,1300.0,1683.0,,69,218.0,1641.0,59.0,,26,0.79
270,coder_pulkit_s,1441,1487,55.0,3685.0,4507.0,1369.0,2473.0,1347.0,1441.0,1459.0,1487.0,1456.0,1466.0,862.0,0.56,125.0,0.6,1881,1865.0,1833.0,1785.0,1729.0,577,365.0,300.0,309.0,349.0,34,0.94
271,daksh2021,1413,1553,18.0,2953.0,1654.0,5141.0,1740.0,5689.0,1413.0,1434.0,1405.0,1464.0,1452.0,303.0,0.52,59.0,0.78,1880,1891.0,1928.0,1961.0,1947.0,866,1187.0,1574.0,363.0,577.0,64,0.88
272,tezk,1639,1725,34.0,2196.0,847.0,4249.0,1038.0,774.0,1639.0,1664.0,1624.0,1725.0,1649.0,918.0,0.48,102.0,0.42,1880,1798.0,1839.0,1734.0,1569.0,119,1073.0,92.0,71.0,1914.0,78,0.93
273,blackcoder0212,1541,1569,94.0,2237.0,1229.0,1322.0,3158.0,606.0,1541.0,1569.0,1522.0,1499.0,1546.0,768.0,0.59,236.0,0.54,1880,1858.0,1867.0,1879.0,1856.0,165,416.0,539.0,194.0,406.0,453,0.88
274,edfearay11,1779,1779,30.0,400.0,976.0,2166.0,3080.0,1046.0,1779.0,1676.0,1640.0,1641.0,1711.0,284.0,0.41,87.0,0.48,1880,1826.0,1750.0,1770.0,1744.0,146,41.0,1669.0,916.0,248.0,67,0.84
275,marshallrnh2,1479,1481,17.0,2004.0,1271.0,1011.0,4535.0,3536.0,1479.0,1481.0,1438.0,1319.0,1341.0,78.0,0.25,35.0,0.3,1879,1869.0,1854.0,1804.0,1775.0,283,273.0,51.0,199.0,270.0,237,0.85
276,densetsu,1310,1457,14.0,5511.0,7975.0,682.0,1876.0,1663.0,1310.0,1361.0,1457.0,1347.0,1370.0,38.0,0.38,21.0,0.55,1879,1843.0,1892.0,1879.0,1896.0,116,1107.0,272.0,543.0,94.0,189,0.74
277,flakes24,1572,1702,51.0,3387.0,1266.0,6580.0,143.0,2502.0,1572.0,1637.0,1583.0,1702.0,1595.0,465.0,0.38,152.0,0.38,1879,1813.0,1857.0,1868.0,1803.0,128,1843.0,919.0,237.0,444.0,37,0.88
278,ritikagr061,1344,1472,46.0,2519.0,2783.0,6750.0,1932.0,3269.0,1344.0,1316.0,1267.0,1337.0,1297.0,583.0,0.53,121.0,0.54,1879,1891.0,1914.0,1891.0,1891.0,1026,1008.0,247.0,447.0,924.0,87,0.9
279,ssshanto,1694,1789,77.0,1278.0,842.0,2801.0,2091.0,913.0,1694.0,1726.0,1679.0,1757.0,1789.0,989.0,0.57,274.0,0.55,1878,1893.0,1850.0,1784.0,1765.0,492,178.0,124.0,435.0,601.0,63,0.85
280,yatharth_ag,367,367,1.0,20625.0,,,,,367.0,,,,,,,,,1214,,,,,2191,,,,,3,0.75
281,csq566,945,1412,14.0,9450.0,8121.0,8877.0,8532.0,10734.0,945.0,940.0,971.0,1062.0,1017.0,,,,,1213,1270.0,1311.0,1262.0,1324.0,17079,19272.0,6948.0,7432.0,4731.0,22,0.76
282,pop1912,633,801,11.0,14711.0,13553.0,11598.0,10336.0,11832.0,633.0,631.0,688.0,709.0,746.0,,,,,1213,1249.0,1269.0,1288.0,1306.0,15419,12975.0,12350.0,4096.0,6910.0,251,0.83
283,goutham_40010,738,738,4.0,13922.0,12912.0,18225.0,12458.0,,738.0,701.0,570.0,349.0,,29.0,0.76,1.0,0.14,1213,1170.0,1140.0,1090.0,1089.0,4341,7486.0,1766.0,9698.0,5448.0,136,0.9
284,firedrakesin,548,803,14.0,10794.0,17755.0,14625.0,11399.0,8638.0,548.0,582.0,632.0,637.0,629.0,58.0,0.35,12.0,0.29,1213,1180.0,1042.0,878.0,,6032,2965.0,5390.0,10825.0,,150,0.94
285,blessysingam,610,610,2.0,12351.0,15477.0,,,,610.0,375.0,,,,15.0,0.38,3.0,0.16,1213,1159.0,1144.0,1308.0,,6592,5060.0,16342.0,1746.0,,146,0.99
286,optimus96,1011,1389,,,,,,,,,,,,29.0,0.35,7.0,0.3,1213,1129.0,996.0,898.0,772.0,4608,790.0,9205.0,8281.0,11347.0,77,0.87
287,hiteshmehra809,635,635,,,,,,,,,,,,8.0,0.5,5.0,0.38,1213,1163.0,1129.0,1389.0,1375.0,3428,5279.0,14629.0,3383.0,2764.0,39,0.75
288,qshelter,1278,1429,30.0,3440.0,7523.0,11109.0,408.0,6625.0,1278.0,1253.0,1278.0,1384.0,1256.0,213.0,0.39,96.0,0.49,1707,1860.0,1566.0,1254.0,,1874,34.0,22.0,2109.0,,23,0.92
289,godspeed2099,1571,1652,30.0,1695.0,3629.0,1780.0,826.0,1419.0,1571.0,1576.0,1652.0,1606.0,1568.0,92.0,0.45,78.0,0.49,1707,,,,,45,,,,,6,1.0
290,vivek17212461,1308,1308,8.0,2160.0,3717.0,6582.0,4549.0,9304.0,1308.0,1200.0,1098.0,1023.0,871.0,20.0,0.41,17.0,0.39,1707,1675.0,1642.0,1563.0,1497.0,445,533.0,157.0,662.0,2235.0,39,0.83
291,monoclonal,1105,1119,7.0,5022.0,3700.0,7509.0,7677.0,7434.0,1105.0,1119.0,980.0,900.0,817.0,37.0,0.4,9.0,0.24,1707,,,,,43,,,,,5,0.71
292,jhachirag7,1304,1304,13.0,2753.0,1960.0,5206.0,2431.0,7261.0,1304.0,1247.0,1170.0,1189.0,1036.0,57.0,0.44,27.0,0.61,1706,1697.0,1657.0,1633.0,1587.0,1060,475.0,917.0,243.0,990.0,268,0.88
293,abhay1308,1527,1618,55.0,4236.0,1681.0,556.0,1627.0,2688.0,1527.0,1607.0,1589.0,1481.0,1569.0,219.0,0.51,139.0,0.49,1706,1656.0,1691.0,1731.0,1717.0,51,1054.0,1177.0,752.0,768.0,136,0.85
294,prerit_paliwal,1762,1809,45.0,1568.0,960.0,405.0,498.0,1161.0,1762.0,1790.0,1809.0,1762.0,1700.0,224.0,0.45,116.0,0.53,1706,1671.0,1626.0,1602.0,1635.0,542,472.0,848.0,1626.0,2962.0,100,0.86
295,ishaan20068,1479,1481,71.0,1752.0,2426.0,1638.0,2830.0,2640.0,1479.0,1455.0,1464.0,1409.0,1437.0,349.0,0.5,127.0,0.45,1706,1689.0,1635.0,1615.0,1587.0,512,158.0,1053.0,140.0,219.0,137,0.83
296,shas_hank,747,747,2.0,6751.0,6632.0,,,,747.0,443.0,,,,16.0,0.36,6.0,0.67,1706,1708.0,1721.0,1702.0,1729.0,949,1146.0,631.0,1420.0,635.0,156,0.78
297,keyerror,1446,1446,7.0,3153.0,868.0,7693.0,972.0,5113.0,1446.0,1444.0,1303.0,1284.0,998.0,174.0,0.5,33.0,0.63,1706,1689.0,1656.0,1659.0,1613.0,606,386.0,1558.0,828.0,939.0,62,0.9
298,shahil_gupta,1295,1343,21.0,2369.0,4676.0,3550.0,4530.0,7936.0,1295.0,1242.0,1293.0,1279.0,1293.0,76.0,0.47,44.0,0.45,1706,1661.0,1616.0,1568.0,1535.0,429,693.0,283.0,242.0,1347.0,115,0.9
299,vi1361,355,355,1.0,10405.0,,,,,355.0,,,,,1.0,0.12,0.0,0.0,1706,1656.0,1662.0,1625.0,1650.0,233,1416.0,386.0,1258.0,961.0,52,0.93
300,light_0_yagami,1601,1601,63.0,1000.0,625.0,633.0,3178.0,1933.0,1601.0,1576.0,1527.0,1401.0,1387.0,392.0,0.54,169.0,0.56,1706,1750.0,1753.0,1714.0,1681.0,2125,942.0,290.0,221.0,531.0,98,0.89
301,bfsof,1663,1663,30.0,119.0,510.0,1438.0,3337.0,2605.0,1663.0,1525.0,1430.0,1348.0,1359.0,689.0,0.59,73.0,0.46,1706,1762.0,1696.0,1718.0,1747.0,1088,12.0,951.0,1137.0,262.0,46,0.85
302,chotu1527,1111,1392,9.0,4040.0,4031.0,2587.0,4931.0,2632.0,1111.0,1219.0,1281.0,1264.0,1293.0,,,,,1705,1734.0,1694.0,1737.0,1746.0,1619,362.0,4414.0,2313.0,1717.0,100,0.85
303,vrintle,2101,2101,63.0,84.0,571.0,557.0,772.0,1188.0,2101.0,2025.0,2001.0,1956.0,2005.0,1583.0,0.49,341.0,0.49,2284,2247.0,2220.0,2201.0,2211.0,31,39.0,40.0,61.0,46.0,575,0.82
304,klpp,2607,2635,32.0,62.0,625.0,64.0,194.0,28.0,2607.0,2528.0,2635.0,2575.0,2589.0,1652.0,0.42,116.0,0.47,2283,2138.0,2001.0,1859.0,1737.0,3,3.0,1.0,330.0,1088.0,42,0.86
305,superposition,2255,2315,48.0,356.0,374.0,756.0,133.0,35.0,2255.0,2228.0,2225.0,2315.0,2188.0,1711.0,0.5,303.0,0.61,2283,2390.0,2476.0,2529.0,2457.0,119,76.0,58.0,6.0,2.0,141,0.94
306,jimmyywang,2221,2221,42.0,9.0,427.0,468.0,45.0,708.0,2221.0,2041.0,2054.0,2084.0,1957.0,942.0,0.49,144.0,0.42,2283,1769.0,,,,2,4.0,,,,27,0.96
307,relex,2122,2122,39.0,45.0,379.0,326.0,369.0,264.0,2122.0,1987.0,1961.0,1923.0,1907.0,919.0,0.51,156.0,0.57,2282,2262.0,2280.0,2278.0,2230.0,30,70.0,48.0,5.0,30.0,105,0.88
308,gotkako,1778,1951,41.0,2120.0,780.0,258.0,2124.0,676.0,1778.0,1855.0,1892.0,1825.0,1883.0,329.0,0.59,210.0,0.61,2280,2247.0,2189.0,2163.0,2150.0,27,5.0,46.0,65.0,24.0,51,0.85
309,ofrankel,2596,2596,27.0,42.0,109.0,175.0,139.0,102.0,2596.0,2464.0,2409.0,2390.0,2345.0,370.0,0.6,161.0,0.56,2272,2185.0,2046.0,1845.0,1588.0,16,12.0,5.0,4.0,1.0,37,0.9
310,yupooh,2057,2066,123.0,139.0,144.0,320.0,237.0,898.0,2057.0,2007.0,1940.0,1900.0,1825.0,607.0,0.53,559.0,0.54,2272,2266.0,2241.0,2244.0,2280.0,42,24.0,62.0,136.0,57.0,147,0.9
311,wuhudsm,2045,2137,87.0,574.0,1041.0,395.0,84.0,161.0,2045.0,2092.0,2137.0,2136.0,2092.0,832.0,0.54,327.0,0.64,2269,2269.0,2262.0,2276.0,2301.0,64,41.0,91.0,82.0,35.0,167,0.84
312,hosen_ba,2135,2140,104.0,661.0,413.0,529.0,47.0,75.0,2135.0,2139.0,2118.0,2140.0,2053.0,1841.0,0.46,405.0,0.51,2269,2195.0,2130.0,2191.0,2058.0,6,36.0,102.0,18.0,37.0,40,0.93
313,cp_taoran,728,728,1.0,44.0,,,,,728.0,,,,,8.0,1.0,8.0,1.0,2268,1771.0,,,,5,2.0,,,,15,0.83
314,ryotori,2087,2239,19.0,319.0,632.0,5739.0,363.0,260.0,2087.0,2085.0,2054.0,2239.0,2188.0,138.0,0.53,84.0,0.56,2264,1859.0,,,,5,7.0,,,,9,0.9
315,ilovecc,378,378,1.0,12023.0,,,,,378.0,,,,,2.0,0.4,1.0,0.25,2263,2226.0,2257.0,2228.0,2255.0,33,115.0,25.0,79.0,37.0,156,0.8
316,nightmaresss,2100,2100,20.0,267.0,432.0,266.0,4220.0,2451.0,2100.0,1977.0,1852.0,1744.0,1849.0,526.0,0.35,114.0,0.54,2261,2248.0,2256.0,2270.0,2210.0,39,83.0,59.0,41.0,80.0,48,0.84
317,sharmaharisam,2073,2172,132.0,434.0,659.0,747.0,515.0,440.0,2073.0,2088.0,2074.0,2172.0,2171.0,2687.0,0.61,631.0,0.55,2260,2216.0,2213.0,2181.0,2131.0,31,52.0,13.0,9.0,77.0,276,0.87
318,shn271,1998,2047,72.0,598.0,338.0,99.0,643.0,650.0,1998.0,2041.0,2047.0,1989.0,1938.0,1065.0,0.52,285.0,0.53,2260,2216.0,2162.0,2121.0,2076.0,20,18.0,44.0,67.0,3.0,173,0.88
319,udon1206,2121,2319,100.0,838.0,609.0,290.0,637.0,509.0,2121.0,2149.0,2205.0,2145.0,2189.0,918.0,0.63,701.0,0.65,2258,2308.0,2278.0,2246.0,2212.0,223,37.0,44.0,50.0,126.0,148,0.8
320,when_brain_ded,2007,2007,44.0,225.0,98.0,207.0,2132.0,781.0,2007.0,1974.0,1848.0,1748.0,1781.0,989.0,0.54,158.0,0.59,2258,2195.0,2160.0,2118.0,2028.0,6,46.0,50.0,35.0,66.0,63,0.84
321,ococonomy1,1874,1962,33.0,2030.0,207.0,680.0,887.0,298.0,1874.0,1942.0,1869.0,1875.0,1955.0,207.0,0.56,145.0,0.62,2257,2238.0,2260.0,2170.0,2077.0,37,76.0,3.0,17.0,42.0,44,0.94
322,kuticpcer,2076,2145,18.0,647.0,267.0,63.0,532.0,60.0,2076.0,2115.0,2145.0,2067.0,2051.0,804.0,0.36,82.0,0.31,2256,2367.0,2617.0,2379.0,1708.0,59,1020.0,7.0,2.0,14188.0,143,0.89
323,roaris,1959,2064,80.0,153.0,377.0,798.0,1224.0,255.0,1959.0,1884.0,1850.0,1783.0,1856.0,1349.0,0.64,398.0,0.6,2255,2235.0,2251.0,2236.0,2169.0,36,71.0,48.0,15.0,38.0,126,0.85
324,ashwanth2003,1423,1423,1.0,8086.0,,,,,1423.0,,,,,1.0,0.2,1.0,0.2,2253,2247.0,2272.0,2308.0,2317.0,44,94.0,115.0,52.0,20.0,1247,0.83
325,manigoda,1128,1128,2.0,181.0,181.0,,,,1128.0,702.0,,,,13.0,0.65,13.0,0.65,2252,2190.0,2192.0,2199.0,2287.0,5,6.0,92.0,176.0,52.0,70,0.93
326,rocksnow,1968,2077,119.0,496.0,299.0,331.0,921.0,582.0,1968.0,1986.0,1965.0,1947.0,1929.0,674.0,0.36,385.0,0.37,2251,2243.0,2274.0,2351.0,2193.0,41,83.0,156.0,8.0,18.0,25,0.81
327,muhammadhassan,2025,2025,111.0,117.0,802.0,646.0,854.0,986.0,2025.0,1929.0,1945.0,1945.0,1969.0,2722.0,0.48,486.0,0.47,2249,2214.0,2205.0,2184.0,2147.0,14,80.0,62.0,48.0,128.0,170,0.88
328,mknayam,2110,2110,87.0,514.0,39.0,353.0,765.0,824.0,2110.0,2097.0,1980.0,1976.0,2023.0,839.0,0.53,323.0,0.5,2247,2226.0,2202.0,2169.0,2143.0,54,27.0,18.0,40.0,34.0,221,0.82
329,racsosabe,2132,2132,62.0,43.0,347.0,476.0,152.0,759.0,2132.0,2030.0,2022.0,2056.0,2022.0,2676.0,0.46,564.0,0.42,2246,2191.0,2143.0,2116.0,2062.0,2,17.0,48.0,18.0,128.0,537,0.9
330,umimel,1980,2065,54.0,424.0,112.0,673.0,676.0,1541.0,1980.0,1984.0,1888.0,1806.0,1777.0,325.0,0.58,277.0,0.67,2246,2229.0,2189.0,2214.0,2168.0,40,8.0,88.0,11.0,54.0,76,0.87
331,zeta7532,1768,1768,10.0,599.0,190.0,1609.0,28.0,1510.0,1768.0,1736.0,1603.0,1605.0,1322.0,33.0,0.56,30.0,0.57,2245,2163.0,2271.0,1764.0,,21,99.0,3.0,6.0,,20,0.83
332,sempr,2101,2101,23.0,119.0,238.0,454.0,375.0,534.0,2101.0,2051.0,2036.0,2007.0,1920.0,1056.0,0.67,183.0,0.53,2244,1760.0,,,,3,8.0,,,,53,0.98
333,awesomeguy856,2155,2155,35.0,61.0,916.0,399.0,286.0,663.0,2155.0,2064.0,2076.0,2082.0,2070.0,225.0,0.39,125.0,0.54,2244,1769.0,,,,4,5.0,,,,11,1.0
334,aki167yuuki,2187,2284,58.0,262.0,518.0,680.0,5.0,2263.0,2187.0,2137.0,2177.0,2284.0,2065.0,1565.0,0.35,248.0,0.51,2243,2194.0,2112.0,2054.0,2080.0,26,8.0,20.0,91.0,66.0,71,0.86
335,auaua,2063,2221,105.0,106.0,560.0,742.0,210.0,748.0,2063.0,2001.0,2023.0,2073.0,2067.0,631.0,0.47,498.0,0.51,2243,2294.0,2105.0,1850.0,,128,6.0,48.0,10.0,,30,0.88
336,lelbaba,2106,2141,152.0,51.0,535.0,892.0,39.0,325.0,2106.0,2023.0,2061.0,2077.0,1934.0,1242.0,0.52,569.0,0.58,2242,2215.0,2166.0,2162.0,2171.0,34,22.0,94.0,88.0,23.0,66,0.94
337,randomlb,2160,2218,67.0,654.0,531.0,10.0,235.0,153.0,2160.0,2168.0,2218.0,2051.0,2031.0,748.0,0.53,235.0,0.56,2242,2282.0,2274.0,2008.0,1651.0,79,34.0,38.0,2.0,963.0,128,0.91
338,no_obie,1692,1692,20.0,433.0,1890.0,700.0,5677.0,2522.0,1692.0,1561.0,1541.0,1385.0,1419.0,213.0,0.62,50.0,0.47,2239,2254.0,2212.0,2226.0,2192.0,85,19.0,106.0,34.0,25.0,71,0.88
339,binary_bae,1898,1898,38.0,705.0,166.0,1209.0,595.0,1109.0,1898.0,1827.0,1708.0,1703.0,1650.0,753.0,0.52,174.0,0.54,2239,2221.0,2197.0,2150.0,2143.0,46,54.0,4.0,74.0,68.0,195,0.86
340,beelzebub_blue,2275,2303,33.0,449.0,4.0,1430.0,249.0,303.0,2275.0,2303.0,2050.0,2109.0,2034.0,258.0,0.42,132.0,0.36,2239,2187.0,2182.0,2173.0,2145.0,15,37.0,61.0,41.0,39.0,138,0.97
341,mirali7,2106,2212,87.0,984.0,442.0,80.0,779.0,333.0,2106.0,2148.0,2143.0,2066.0,2151.0,2050.0,0.32,480.0,0.43,2238,2214.0,2177.0,2270.0,2280.0,41,20.0,93.0,42.0,4.0,46,0.88
342,bettermen,916,1075,12.0,9094.0,8097.0,13283.0,12834.0,11541.0,916.0,828.0,823.0,856.0,909.0,16.0,0.44,15.0,0.44,1610,1573.0,1564.0,1528.0,1520.0,153,1040.0,285.0,1095.0,1817.0,137,0.9
343,rky_cse,1244,1244,52.0,3825.0,3041.0,4361.0,5209.0,6443.0,1244.0,1218.0,1142.0,1150.0,1162.0,590.0,0.45,104.0,0.42,1610,1618.0,1594.0,1595.0,1636.0,860,363.0,1153.0,749.0,126.0,355,0.91
344,coder_nil,1223,1223,10.0,2999.0,4427.0,7753.0,4201.0,5980.0,1223.0,1160.0,1173.0,1210.0,1163.0,25.0,0.44,20.0,0.43,1610,1624.0,1585.0,1560.0,1530.0,1148,183.0,536.0,573.0,1848.0,76,0.83
345,pushkar1905,1155,1186,27.0,6624.0,3325.0,7275.0,5334.0,3808.0,1155.0,1186.0,1140.0,1143.0,1170.0,67.0,0.39,49.0,0.47,1610,1581.0,1584.0,1648.0,1600.0,532,1183.0,1876.0,522.0,203.0,43,0.8
346,karandom_guy,996,1073,16.0,16041.0,5136.0,7038.0,4579.0,11337.0,996.0,1073.0,1042.0,1040.0,953.0,84.0,0.44,24.0,0.38,1610,1579.0,1584.0,1573.0,1645.0,633,1134.0,1067.0,1717.0,228.0,35,0.85
347,amit_yadav207,1103,1113,17.0,6966.0,8595.0,9812.0,5825.0,8718.0,1103.0,1092.0,1093.0,1113.0,1025.0,44.0,0.52,31.0,0.65,1610,1580.0,1552.0,1549.0,1577.0,470,553.0,1215.0,2255.0,2074.0,57,0.8
348,varunmistry11,1094,1236,20.0,5668.0,8624.0,7651.0,4235.0,6498.0,1094.0,1069.0,1097.0,1112.0,1020.0,30.0,0.51,26.0,0.49,1609,1557.0,1609.0,1591.0,1590.0,170,1461.0,1030.0,1169.0,2336.0,307,0.87
349,mk_kr_24,1032,1357,17.0,9327.0,7811.0,4650.0,7844.0,5794.0,1032.0,1038.0,1049.0,980.0,987.0,24.0,0.32,24.0,0.32,1609,1653.0,1629.0,1637.0,1602.0,1591,927.0,3089.0,952.0,357.0,94,0.7
350,vg2802,899,1178,17.0,13857.0,15884.0,18366.0,12001.0,2808.0,899.0,933.0,968.0,1092.0,1178.0,121.0,0.61,26.0,0.43,1609,1584.0,1527.0,1480.0,1441.0,140,417.0,8.0,759.0,10308.0,140,0.93
351,klu_2000031537,743,864,7.0,14913.0,12711.0,14075.0,17067.0,10574.0,743.0,810.0,864.0,798.0,748.0,62.0,0.53,8.0,0.25,1609,1596.0,1571.0,1591.0,1563.0,1027,819.0,1833.0,777.0,881.0,123,0.94
352,nikhil51,1046,1132,26.0,5887.0,7867.0,7510.0,12462.0,6156.0,1046.0,1031.0,1027.0,1031.0,1113.0,363.0,0.55,41.0,0.5,1609,1587.0,1610.0,1563.0,1575.0,140,1548.0,92.0,1813.0,2404.0,213,0.79
353,b_anand18,1042,1156,27.0,7413.0,7685.0,3510.0,8134.0,6994.0,1042.0,1096.0,1156.0,1051.0,1093.0,133.0,0.47,49.0,0.5,1609,1595.0,1564.0,1540.0,1511.0,747,281.0,646.0,501.0,2212.0,262,0.88
354,kodeabhi_69,1053,1053,5.0,6207.0,7591.0,8865.0,8158.0,9615.0,1053.0,963.0,888.0,689.0,408.0,25.0,0.35,15.0,0.39,1609,1580.0,1542.0,1507.0,1493.0,452,311.0,416.0,1316.0,2759.0,191,0.85
355,kumarvivek2003,973,973,4.0,8141.0,5545.0,9729.0,11009.0,,973.0,888.0,674.0,396.0,,10.0,0.56,9.0,0.6,1609,1587.0,1575.0,1548.0,1540.0,678,1133.0,592.0,1361.0,2294.0,105,0.87
356,neha0312,411,411,1.0,10458.0,,,,,411.0,,,,,14.0,0.61,3.0,1.0,1609,1590.0,1574.0,1542.0,1521.0,978,1022.0,714.0,1298.0,2013.0,189,0.96
357,pg99285,1042,1042,7.0,5761.0,8313.0,8818.0,9149.0,6736.0,1042.0,986.0,926.0,865.0,790.0,24.0,0.56,12.0,0.6,1609,1565.0,1555.0,1518.0,1487.0,71,764.0,413.0,629.0,1156.0,94,0.97
358,saiprashanth88,825,950,16.0,13866.0,11421.0,10203.0,14361.0,11859.0,825.0,825.0,794.0,793.0,821.0,67.0,0.59,24.0,0.47,1609,1630.0,1631.0,1603.0,1580.0,1302,946.0,541.0,596.0,622.0,202,0.93
359,abogbl,1391,1453,42.0,4518.0,2081.0,2022.0,1294.0,7423.0,1391.0,1436.0,1439.0,1405.0,1354.0,1122.0,0.47,111.0,0.45,1609,1690.0,1678.0,1585.0,1469.0,819,1177.0,185.0,636.0,2028.0,40,0.74
360,maroonrk,3454,3650,163.0,4.0,1.0,774.0,2.0,2.0,3454.0,3390.0,3149.0,3513.0,3427.0,2206.0,0.6,1011.0,0.71,3303,3299.0,3294.0,3260.0,3222.0,3,2.0,1.0,1.0,7.0,288,0.96
361,ksun48,3206,3654,262.0,2.0,14.0,157.0,13.0,22.0,3206.0,2989.0,2882.0,2993.0,2891.0,3318.0,0.45,1703.0,0.49,3210,3243.0,3210.0,3205.0,3242.0,12,1.0,3.0,15.0,3.0,306,0.87
362,lyrically,2237,2237,45.0,164.0,71.0,241.0,507.0,958.0,2237.0,2119.0,2014.0,1965.0,1950.0,1302.0,0.5,198.0,0.37,3072,3050.0,3052.0,3028.0,3074.0,2,9.0,4.0,29.0,5.0,358,0.94
363,maspy,2933,3177,61.0,67.0,173.0,37.0,8.0,80.0,2933.0,2970.0,3116.0,3158.0,3078.0,9250.0,0.71,991.0,0.68,2971,2866.0,2733.0,2573.0,2418.0,1,1.0,5.0,17.0,1.0,39,0.93
364,um_nik,3403,3663,281.0,3.0,40.0,6.0,14.0,8.0,3403.0,3280.0,3388.0,3362.0,3393.0,4279.0,0.62,2405.0,0.67,2959,2905.0,2848.0,2810.0,2796.0,1,2.0,3.0,1.0,1.0,170,0.94
365,hitonanode,2752,3182,98.0,34.0,52.0,515.0,330.0,122.0,2752.0,2662.0,2578.0,2725.0,2855.0,2225.0,0.49,1143.0,0.53,2928,2933.0,2931.0,2914.0,2887.0,7,13.0,7.0,6.0,4.0,203,0.84
366,geothermal,3167,3366,79.0,157.0,4.0,21.0,10.0,9.0,3167.0,3366.0,3254.0,3292.0,3247.0,3085.0,0.6,1656.0,0.64,2926,2897.0,2927.0,2956.0,2930.0,3,32.0,23.0,6.0,3.0,307,0.9
367,tute7627,2762,3044,158.0,91.0,81.0,152.0,23.0,109.0,2762.0,2772.0,2776.0,2849.0,2757.0,3621.0,0.61,1967.0,0.68,2921,2906.0,2879.0,2874.0,2877.0,5,3.0,15.0,13.0,13.0,231,0.87
368,noimi,2968,3353,179.0,122.0,69.0,34.0,9.0,12.0,2968.0,3080.0,3165.0,3219.0,3139.0,3513.0,0.39,1624.0,0.46,2918,2952.0,2992.0,2989.0,3011.0,21,23.0,5.0,18.0,18.0,204,0.86
369,kotatsugame,2953,3095,149.0,45.0,75.0,22.0,142.0,3.0,2953.0,2958.0,3014.0,2969.0,3095.0,3014.0,0.66,2017.0,0.67,2878,2852.0,2829.0,2848.0,2855.0,4,4.0,15.0,12.0,46.0,194,0.93
370,potato167,2867,3029,82.0,56.0,148.0,30.0,75.0,28.0,2867.0,2863.0,2962.0,2937.0,2984.0,1203.0,0.61,864.0,0.64,2866,2829.0,2823.0,2790.0,2773.0,2,8.0,3.0,8.0,20.0,113,0.88
371,rubikun,2828,3033,153.0,37.0,175.0,25.0,169.0,116.0,2828.0,2772.0,2855.0,2768.0,2854.0,3203.0,0.51,1517.0,0.62,2861,2893.0,2881.0,2851.0,2838.0,28,5.0,2.0,7.0,26.0,185,0.8
372,arvindf232,3027,3027,40.0,15.0,17.0,29.0,32.0,180.0,3027.0,2967.0,2858.0,2756.0,2667.0,4101.0,0.48,757.0,0.28,2767,2559.0,2099.0,1788.0,1478.0,3,4.0,1.0,1.0,1.0,61,0.91
373,lyc_music,2528,2528,21.0,80.0,68.0,204.0,343.0,180.0,2528.0,2438.0,2303.0,2260.0,2258.0,1677.0,0.48,120.0,0.33,2764,2748.0,2746.0,2776.0,2780.0,11,14.0,47.0,20.0,24.0,218,0.91
374,sansen,2755,2828,141.0,182.0,26.0,45.0,505.0,37.0,2755.0,2828.0,2735.0,2669.0,2824.0,3896.0,0.62,1440.0,0.63,2756,2728.0,2732.0,2774.0,2808.0,5,18.0,120.0,52.0,19.0,204,0.88
375,ra16bit,2490,2742,282.0,287.0,74.0,152.0,350.0,177.0,2490.0,2520.0,2426.0,2363.0,2411.0,1903.0,0.46,1182.0,0.48,2737,2709.0,2676.0,2645.0,2637.0,14,8.0,9.0,20.0,32.0,524,0.85
376,ttttan,2552,2587,166.0,242.0,57.0,96.0,223.0,182.0,2552.0,2587.0,2487.0,2412.0,2417.0,2904.0,0.54,1039.0,0.56,2735,2720.0,2739.0,2749.0,2799.0,14,22.0,23.0,61.0,26.0,76,0.92
377,nyaan,2712,2949,119.0,110.0,35.0,129.0,111.0,74.0,2712.0,2732.0,2649.0,2650.0,2660.0,866.0,0.51,661.0,0.52,2729,2698.0,2651.0,2610.0,2581.0,9,8.0,8.0,21.0,20.0,145,0.85
378,yuto1115,2791,3043,66.0,151.0,46.0,64.0,217.0,110.0,2791.0,2858.0,2830.0,2832.0,2949.0,699.0,0.62,353.0,0.63,2724,2708.0,2671.0,2635.0,2480.0,15,11.0,24.0,1.0,3.0,45,0.98
379,physics0523,2385,2700,200.0,602.0,119.0,769.0,124.0,176.0,2385.0,2458.0,2393.0,2541.0,2517.0,3328.0,0.61,1551.0,0.61,2705,2681.0,2684.0,2649.0,2630.0,10,20.0,4.0,14.0,23.0,615,0.84
380,tabr,2889,2889,99.0,46.0,24.0,62.0,29.0,80.0,2889.0,2869.0,2794.0,2771.0,2671.0,2059.0,0.48,1278.0,0.56,2698,2716.0,2712.0,2716.0,2762.0,26,13.0,19.0,97.0,15.0,1089,0.93
381,risujiroh,2715,2857,191.0,41.0,242.0,78.0,96.0,195.0,2715.0,2630.0,2704.0,2683.0,2669.0,3008.0,0.54,1953.0,0.6,2697,2730.0,2752.0,2771.0,2742.0,50,45.0,31.0,8.0,16.0,181,0.85
382,jeroenodb,2759,2844,69.0,95.0,73.0,18.0,419.0,16.0,2759.0,2779.0,2771.0,2638.0,2770.0,2124.0,0.43,506.0,0.51,2694,2636.0,2701.0,2739.0,2725.0,6,131.0,58.0,17.0,15.0,120,0.93
383,torisasami,2394,2654,72.0,183.0,517.0,294.0,194.0,332.0,2394.0,2357.0,2443.0,2495.0,2493.0,1015.0,0.54,467.0,0.6,2674,2659.0,2644.0,2636.0,2620.0,12,11.0,31.0,19.0,30.0,157,0.87
384,rniya,2541,2645,81.0,93.0,505.0,150.0,149.0,167.0,2541.0,2478.0,2594.0,2610.0,2618.0,2413.0,0.56,972.0,0.63,2638,2614.0,2584.0,2573.0,2594.0,13,9.0,22.0,66.0,2.0,160,0.9
385,fuppy,2581,2675,161.0,55.0,99.0,357.0,407.0,166.0,2581.0,2478.0,2400.0,2466.0,2540.0,1025.0,0.53,813.0,0.58,2635,2648.0,2613.0,2610.0,2636.0,30,13.0,34.0,48.0,20.0,78,0.85
386,pandaforever,2344,2344,8.0,126.0,418.0,408.0,549.0,3.0,2344.0,2245.0,2254.0,2215.0,2204.0,39.0,0.56,35.0,0.58,2633,2409.0,1772.0,,,2,1.0,1.0,,,27,0.93
387,peti1234,2910,3093,103.0,275.0,23.0,45.0,9.0,39.0,2910.0,3080.0,3071.0,3093.0,2987.0,5011.0,0.61,1094.0,0.58,2629,2584.0,2554.0,2515.0,2474.0,11,37.0,45.0,11.0,9.0,158,0.85
388,flytime,2295,2295,19.0,191.0,455.0,395.0,279.0,341.0,2295.0,2216.0,2237.0,2276.0,2226.0,120.0,0.56,87.0,0.52,2626,2556.0,2429.0,2512.0,2578.0,11,1.0,97.0,74.0,1.0,546,0.93
389,tatyam,2989,3134,104.0,29.0,14.0,29.0,162.0,51.0,2989.0,2947.0,2822.0,2749.0,2831.0,956.0,0.57,637.0,0.65,2623,2575.0,2531.0,2452.0,2312.0,10,28.0,17.0,28.0,60.0,53,0.88
390,kude,2557,2646,108.0,88.0,270.0,121.0,165.0,104.0,2557.0,2493.0,2535.0,2504.0,2502.0,1791.0,0.72,1682.0,0.73,2618,2660.0,2670.0,2640.0,2621.0,91,25.0,7.0,15.0,40.0,1365,0.97
391,jiangly,3662,3859,148.0,7.0,1.0,4.0,3.0,2.0,3662.0,3720.0,3627.0,3632.0,3583.0,6445.0,0.73,2257.0,0.75,2608,2399.0,2424.0,1866.0,,1,36.0,1.0,3.0,,51,0.96
392,rainboy,1860,2396,284.0,1804.0,176.0,1917.0,3297.0,135.0,1860.0,1945.0,1868.0,1925.0,2068.0,6010.0,0.56,1369.0,0.52,2607,2547.0,2495.0,2454.0,2408.0,7,4.0,14.0,3.0,13.0,172,0.83
393,asdsasd,2479,2788,96.0,176.0,201.0,180.0,804.0,219.0,2479.0,2468.0,2474.0,2456.0,2607.0,1155.0,0.51,634.0,0.47,2605,2584.0,2565.0,2560.0,2523.0,17,24.0,33.0,19.0,62.0,82,0.83
394,rgb_icpc9,2266,2266,11.0,4.0,41.0,1056.0,26.0,11405.0,2266.0,2063.0,1902.0,1923.0,1672.0,195.0,0.3,57.0,0.38,2596,2473.0,2402.0,1872.0,,2,10.0,2.0,1.0,,53,0.9
395,denisov,2613,2613,52.0,51.0,61.0,806.0,31.0,267.0,2613.0,2513.0,2393.0,2484.0,2300.0,1995.0,0.41,391.0,0.31,2593,2484.0,2464.0,2288.0,2090.0,1,37.0,10.0,2.0,1613.0,84,0.91
396,nok0,2722,2722,59.0,54.0,197.0,81.0,42.0,79.0,2722.0,2664.0,2710.0,2689.0,2606.0,1211.0,0.46,565.0,0.45,2584,2505.0,2535.0,2477.0,1871.0,13,46.0,8.0,1.0,2.0,26,0.93
397,alek0618,2168,2192,10.0,363.0,511.0,22.0,1221.0,534.0,2168.0,2121.0,2192.0,2063.0,2105.0,1489.0,0.28,89.0,0.05,2573,2495.0,2450.0,2339.0,2327.0,1,29.0,17.0,180.0,167.0,146,0.82
398,eddard,2357,2400,52.0,319.0,432.0,161.0,240.0,319.0,2357.0,2355.0,2400.0,2347.0,2328.0,1085.0,0.49,413.0,0.52,2573,2485.0,2417.0,2209.0,1812.0,3,27.0,4.0,1.0,25.0,32,0.86
399,farhod_farmon,2745,2976,251.0,40.0,162.0,81.0,79.0,111.0,2745.0,2669.0,2711.0,2697.0,2668.0,4398.0,0.42,2051.0,0.43,2572,2609.0,2595.0,2579.0,2558.0,71,47.0,65.0,17.0,15.0,189,0.82
400,leaf1415,2568,2727,222.0,299.0,27.0,207.0,244.0,134.0,2568.0,2645.0,2490.0,2510.0,2539.0,4288.0,0.51,2603.0,0.56,2568,2503.0,2392.0,2062.0,2379.0,17,7.0,5.0,147.0,2.0,72,0.96
401,rgb_icpc1,2473,2473,10.0,175.0,83.0,159.0,151.0,4.0,2473.0,2433.0,2364.0,2267.0,2142.0,753.0,0.32,84.0,0.34,2567,2447.0,2352.0,2143.0,1924.0,1,11.0,1.0,1.0,2.0,205,0.81
402,wsyhb,2336,2502,51.0,202.0,454.0,370.0,1264.0,169.0,2336.0,2272.0,2332.0,2355.0,2502.0,1337.0,0.65,237.0,0.68,2565,2542.0,2479.0,2429.0,2368.0,36,3.0,9.0,13.0,4.0,63,0.91
403,shiomusubi496,2636,2701,41.0,221.0,53.0,37.0,63.0,242.0,2636.0,2701.0,2640.0,2512.0,2403.0,221.0,0.58,187.0,0.6,2556,2424.0,2481.0,2555.0,2371.0,1,50.0,59.0,3.0,2.0,30,0.88
404,heltion,3019,3023,54.0,12.0,21.0,194.0,10.0,91.0,3019.0,2920.0,2828.0,2959.0,2830.0,2999.0,0.53,1743.0,0.6,2555,2452.0,2349.0,2242.0,2147.0,1,4.0,2.0,10.0,124.0,194,0.92
405,tiger2005,2538,2538,42.0,125.0,154.0,57.0,298.0,133.0,2538.0,2502.0,2459.0,2324.0,2319.0,738.0,0.46,366.0,0.37,2555,2596.0,2483.0,2387.0,2332.0,49,1.0,6.0,24.0,1.0,36,0.9
406,juliany2,2512,2512,53.0,54.0,174.0,277.0,398.0,412.0,2512.0,2382.0,2339.0,2350.0,2387.0,1991.0,0.56,363.0,0.51,2554,2495.0,2426.0,1772.0,,20,9.0,1.0,1.0,,35,1.0
407,oier_kzc,2384,2384,27.0,256.0,155.0,267.0,166.0,441.0,2384.0,2362.0,2310.0,2308.0,2253.0,106.0,0.51,100.0,0.53,2546,2519.0,2465.0,2455.0,2399.0,19,1.0,17.0,3.0,23.0,158,0.93
408,siganai,2484,2505,58.0,269.0,157.0,147.0,225.0,71.0,2484.0,2505.0,2490.0,2466.0,2490.0,1135.0,0.56,696.0,0.59,2535,2515.0,2515.0,2536.0,2502.0,23,34.0,43.0,16.0,95.0,387,0.92
409,ai_dev_master,2465,2528,10.0,495.0,107.0,188.0,133.0,66.0,2465.0,2528.0,2469.0,2452.0,2379.0,127.0,0.61,50.0,0.54,2535,2443.0,2353.0,2246.0,1771.0,9,6.0,48.0,6.0,3.0,25,0.81
410,sysulby,2222,2269,82.0,253.0,350.0,696.0,453.0,676.0,2222.0,2146.0,2101.0,2170.0,2165.0,1393.0,0.5,537.0,0.52,2535,2461.0,2398.0,2332.0,2350.0,2,7.0,4.0,53.0,63.0,97,0.92
411,clesip,1696,1696,4.0,343.0,19.0,111.0,6142.0,,1696.0,1455.0,988.0,425.0,,20.0,0.27,17.0,0.28,2535,2342.0,1772.0,,,3,2.0,1.0,,,26,1.0
412,flashmt,2340,2598,278.0,523.0,361.0,246.0,71.0,426.0,2340.0,2384.0,2426.0,2440.0,2305.0,3458.0,0.43,1333.0,0.42,2531,2495.0,2444.0,2418.0,2357.0,6,3.0,34.0,9.0,843.0,413,0.91
413,serotonin,2268,2398,127.0,389.0,200.0,762.0,355.0,478.0,2268.0,2256.0,2175.0,2276.0,2307.0,1429.0,0.62,1086.0,0.63,2529,2499.0,2515.0,2498.0,2472.0,3,54.0,20.0,7.0,27.0,249,0.9
414,wcysai,2225,2225,10.0,3.0,345.0,98.0,204.0,51.0,2225.0,1973.0,1987.0,1905.0,1888.0,54.0,0.47,40.0,0.48,2527,2472.0,2437.0,2361.0,2311.0,3,10.0,1.0,15.0,10.0,128,0.95
415,kira_1234,2262,2512,170.0,338.0,205.0,573.0,339.0,197.0,2262.0,2233.0,2145.0,2190.0,2184.0,3039.0,0.5,1531.0,0.5,2527,2505.0,2511.0,2465.0,2422.0,21,34.0,2.0,2.0,8.0,881,0.87
416,prathmesh_100,1033,1033,3.0,2603.0,6125.0,4033.0,,,1033.0,752.0,463.0,,,25.0,0.2,2.0,0.14,1425,1452.0,1430.0,1454.0,1440.0,3528,1612.0,3284.0,1846.0,2549.0,92,0.87
417,nitinkr312,913,918,36.0,9782.0,8162.0,10207.0,14140.0,13958.0,913.0,918.0,884.0,819.0,810.0,91.0,0.3,42.0,0.26,1425,1423.0,1448.0,1429.0,1411.0,2135,2839.0,1469.0,2659.0,4087.0,128,0.8
418,lord_o2,911,965,8.0,14622.0,8196.0,12535.0,8054.0,12711.0,911.0,965.0,902.0,874.0,807.0,19.0,0.68,11.0,0.69,1425,1449.0,1458.0,1466.0,1414.0,2397,2113.0,2199.0,83.0,3540.0,340,0.93
419,saikiran_botla,899,899,3.0,11178.0,4875.0,9649.0,,,899.0,726.0,406.0,,,27.0,0.51,8.0,0.5,1425,1376.0,1317.0,1267.0,1183.0,1253,1261.0,2806.0,1315.0,9450.0,44,0.69
420,nik4o,1151,1181,9.0,4021.0,6198.0,8125.0,3773.0,9337.0,1151.0,1093.0,1065.0,1181.0,1059.0,177.0,0.55,26.0,0.31,1425,,,,,906,,,,,45,0.92
421,code_breaker79,1178,1215,22.0,3733.0,2632.0,6100.0,7265.0,7246.0,1178.0,1153.0,1088.0,1148.0,1167.0,156.0,0.63,44.0,0.59,1425,1451.0,1445.0,,,2594,1019.0,743.0,,,12,0.8
422,k_0412,602,602,2.0,14205.0,13257.0,,,,602.0,360.0,,,,17.0,0.29,4.0,0.57,1425,1432.0,1398.0,1425.0,1410.0,2692,1406.0,7884.0,4045.0,2515.0,105,0.87
423,lar_here,576,576,2.0,12258.0,11086.0,,,,576.0,359.0,,,,1.0,0.33,1.0,0.33,1425,1393.0,1346.0,1383.0,1391.0,632,1023.0,11685.0,5681.0,2484.0,686,0.95
424,om_kasar,352,352,1.0,12171.0,,,,,352.0,,,,,3.0,0.23,0.0,0.0,1425,1419.0,1404.0,1406.0,1367.0,1860,3048.0,5330.0,2061.0,4561.0,126,0.83
425,infurnex,706,706,2.0,11451.0,13005.0,,,,706.0,386.0,,,,6.0,0.6,4.0,0.67,1425,1383.0,1359.0,1317.0,1264.0,1497,2904.0,2695.0,2707.0,3859.0,59,0.79
426,aminul_imam,899,935,13.0,6619.0,6275.0,7540.0,11793.0,9477.0,899.0,827.0,914.0,898.0,915.0,209.0,0.66,24.0,0.59,1425,1400.0,1387.0,1363.0,1368.0,1752,4009.0,3072.0,6763.0,5673.0,93,0.8
